SPECIES ID POLISHED			SAMPLE TYPE				GAGA SUBMISSION																		ASSEMBLY OVERVIEW													Final Assembly statistics											Microbiome analysis						Final filtered assembly statistics								
										145	LIBRARIES				SEQUENCING					12	26			145	GAGA ID		Sequencing data					Assembly procedure																															
ENTRY FROM Species ID polished	original species ID	final species ID	ENTRY FROM SampleType	PacBIo	stLFR	HiC	Collector Firstname	Collector Name	Sample ID	Species	PacBio library	stLFR library	Short-reads (WGS) library	RNAseq library	PacBio	stLFR	Short-reads (WGS)	Hi-C	RNAseq	Subfamily	Country	Comment	ENTRY FROM GAGA SUBMISSION	GAGA ID	ENTRY FROM ASSEMBLY OVERVIEW	Species (from Assembly Overview)	PacBio	stLFR	Short-reads (WGS)	Hi-C	RNA (additional samples still under seq.)	PacBio assembly	PacBio stLFR/WGS polished assembly	PacBio stLFR scaffolded	PacBio Hi-C scaffolded	stLFR assembly	Current state	Genome size	Number of scaffolds	Scaffold N50	Contig N50	Longest scaffold	BUSCO Eukaryota	BUSCO Hymenoptera	Duplicated scaffolds	Total length of duplicated scaffolds	Percentage of duplication	Comments	Bacterial scaffolds count	Total length of bacterial scaffolds	Bacterial scaffold prevalence %	Top bacterial taxon	Putative misassembly count	Putative misassemblies (>100Kb) count	Genome size	Number of scaffolds	Scaffold N50	Contig N50	Longest scaffold	BUSCO Eukaryota	BUSCO Hymenoptera	Repeat annotation	Gene annotation
GAGA-0001	Acromyrmex ameliae	Acromyrmex ameliae	GAGA-0001	GAGA-0001-001	1 male		Lukas	Schrader	CR161028-03	Acromyrmex ameliae	X	X			X	X				Myrmicinae	Brazil		GAGA-0001	GAGA-0001	GAGA-0001	Acromyrmex ameliae	X	X				X	X	X			Final	289590174	171	8211674	7504985	28308193	C:98.0%[S:97.6%,D:0.4%],F:0.8%,M:1.2%,n:255	C:96.4%[S:96.3%,D:0.1%],F:0.6%,M:3.0%,n:5991	0	0	0,00000%				#DIV/0!												
GAGA-0002	Acromyrmex subterraneus stLFR	Acromyrmex subterraneus	GAGA-0002	not done	PacBio sample used? Yes! (GAGA-0002-001)		Lukas	Schrader	CR161028-02	Acromyrmex subterraneus		X				X				Myrmicinae	Brazil	unqualified for PacBio	GAGA-0002	GAGA-0002	GAGA-0002	Acromyrmex subterraneus		X								X	Final	334651245	42861	81353	9591	1113705	C:89.8%[S:88.2%,D:1.6%],F:6.7%,M:3.5%,n:255	C:80.1%[S:79.9%,D:0.2%],F:10.7%,M:9.2%,n:5991			0,00000%	stLFR assembly			#DIV/0!												
GAGA-0003	Acromyrmex lobicornis	Acromyrmex lobicornis	GAGA-0003	GAGA-0003-001	not done	2 workers in RNAlater	Martin	Bollazzi	30/11/2016 H	Acromyrmex lobicornis	X			X	X			X	w	Myrmicinae	Uruguay		GAGA-0003	GAGA-0003	GAGA-0003	Acromyrmex lobicornis	X			X	w	X	Polished with Hi-C		X		Check	334916025	1073	17007362	476972	29973563	C:98.8%[S:96.1%,D:2.7%],F:0.8%,M:0.4%,n:255	C:98.3%[S:97.3%,D:1.0%],F:0.6%,M:1.1%,n:5991	4	28725	0,00858%	Chromosome level assembly	0	0	0,00000%		1	1									
GAGA-0004	Messor barbarus	Messor barbarus	GAGA-0004	Done by Morten. Maybe Pupae	No tissue info	Larvae alive	Raphael	Boulay	NA	Messor barbarus	X	X		X	X	X		X	sw,lw,004miX,004swp,messor_g        	Myrmicinae	Spain	Extracted again	GAGA-0004	GAGA-0004	GAGA-0004	Messor barbarus	X	X		X	w(l&s),g,mix,p + NCBI:m	X	X	X	running		Hi-C scaffolding using pstools and Salsa2										#DIV/0!				#DIV/0!												
GAGA-0014	Acromyrmex echinatior	Acromyrmex echinatior	GAGA-0014	male	not done	5 male abdomen frozen	Jacobus	Boomsma	Ae372	Acromyrmex echinatior	X			X	X			X	m,14g1,14m      	Myrmicinae	Panama		GAGA-0014	GAGA-0014	GAGA-0014	Acromyrmex echinatior	X			X	g,m + NCBI:brain(worker large and small, gyne), heads	X	Polished with Hi-C		running		Hi-C scaffolding using pstools and Salsa2										#DIV/0!				#DIV/0!												
GAGA-0020	Lasius umbratus	Lasius flavus s2	GAGA-0020	brood frozen	not done	approx 15 workers in RNAlater	Jes	Pedersen	06 - 11 (LU7)	Lasius flavus s2	X			X	X			X	20w,20b	Formicinae	Denmark	unqualified, Extracted again	GAGA-0020	GAGA-0020	GAGA-0020	Lasius flavus sp.2 (prev. L. umbratus)	X			X	w,b	X	Polished with Hi-C		X		Check										#DIV/0!				#DIV/0!												
GAGA-0024	Lasius flavus	Lasius flavus s1	GAGA-0024	workers frozen Combined with other sample	5 gynes in RNAlater	5 workers in RNAlater	David	Nash	NA	Lasius flavus s1	X	X		X	X	X		X	w,q,g,miX	Formicinae	Denmark		GAGA-0024	GAGA-0024	GAGA-0024	Lasius flavus	X	X		X	w,g,q,mix	X	X		X		Check										#DIV/0!				#DIV/0!												
GAGA-0025	Megaponera analis	Megaponera analis	GAGA-0025	GAGA-0025-001	2 workers		Erik	Frank	LS1	Megaponera analis	X	X		X	X	X			025w,025q	Ponerinae	Ivory Coast		GAGA-0025	GAGA-0025	GAGA-0025	Megaponera analis	X	X			w,q	X	X	X			Final	315522660	327	6450720	4770571	21977083	C:98.1%[S:95.7%,D:2.4%],F:0.8%,M:1.1%,n:255	C:96.4%[S:96.0%,D:0.4%],F:1.2%,M:2.4%,n:5991	0	0	0,00000%		97	3.130.115	0,99204%	Gordonia	7	1									
GAGA-0026	Myrmecocystus mendax	Myrmecocystus cf. mendax	GAGA-0026	GAGA-0026-001	not done	10 workers alive	Jürgen	Gadau	NA	Myrmecocystus cf. mendax	X			X	X			X	026L,026PL,026w,206p	Formicinae	USA		GAGA-0026	GAGA-0026	GAGA-0026	Myrmecocystus cf. mendax	X			X	w,mix,l,p	X	Polished with Hi-C		running		Hi-C scaffolding using pstools and Salsa2										#DIV/0!				#DIV/0!												
GAGA-0028	Myrmica rubra	Myrmica rubra	GAGA-0028	GAGA-0028-001	1 male in RNAlater	5 males in RNAlater	David	Nash	T2017B	Myrmica rubra	X	X		X	X	X		X	w	Myrmicinae	Denmark		GAGA-0028	GAGA-0028	GAGA-0028	Myrmica rubra	X	X		X	w	X	X	X	running		Hi-C scaffolding using pstools and Salsa2										#DIV/0!				#DIV/0!												
GAGA-0055	Gigantiops destructor stLFR	Gigantiops destructor	GAGA-0055	GAGA-0055-001	not done		Jerome	Orivel	JO_038	Gigantiops destructor		X				X				Formicinae	French Guiana	Unqualified	GAGA-0055	GAGA-0055	GAGA-0055	Gigantiops destructor		X								X	Final	244230172	60608	8895	5836	246247	C:82.8%[S:82.0%,D:0.8%],F:12.9%,M:4.3%,n:255	C:68.3%[S:68.0%,D:0.3%],F:17.4%,M:14.3%,n:5991			0,00000%	stLFR assembly			#DIV/0!												
GAGA-0063	Neoponera goeldii	Neoponera goeldii	GAGA-0063	GAGA-0063-001	3 worker in RNAlater		Jerome	Orivel	JO_035	Neoponera goeldii	X	X			X	X				Ponerinae	French Guiana		GAGA-0063	GAGA-0063	GAGA-0063	Neoponera goeldii	X	X				X	X	X			Final	560902314	839	7942895	5235951	35628788	C:98.0%[S:95.3%,D:2.7%],F:0.8%,M:1.2%,n:255	C:95.6%[S:94.9%,D:0.7%],F:1.3%,M:3.1%,n:5991	0	0	0,00000%		173	6.723.318	1,19866%	Paraburkholderia	48	11									
GAGA-0074	Odontomachus hastatus	Odontomachus hastatus	GAGA-0074	GAGA-0074-001	2 pupae in RNAlater		Jerome	Orivel	AT_008	Odontomachus hastatus	X	X			X	X				Ponerinae	French Guiana		GAGA-0074	GAGA-0074	GAGA-0074	Odontomachus hastatus	X	X				X	X	X			Final	412990517	911	3101594	1838499	17866477	C:99.2%[S:98.4%,D:0.8%],F:0.0%,M:0.8%,n:255	C:96.4%[S:96.1%,D:0.3%],F:1.0%,M:2.6%,n:5991	1	6359	0,00154%		5	1.393.458	0,33741%	Bacillus	2	2									
GAGA-0080	Pheidole pallidula	Pheidole pallidula	GAGA-0080	GAGA-0084-001	workers		Donato	Grasso	JH3	Pheidole pallidula	X			X	X		X		080w 	Myrmicinae	Italy		GAGA-0080	GAGA-0080	GAGA-0080	Pheidole pallidula	X		X		w	X	X				Final	302145758	351	4671868	2228583	13400004	C:98.9%[S:97.3%,D:1.6%],F:0.8%,M:0.3%,n:255	C:97.9%[S:97.4%,D:0.5%],F:0.8%,M:1.3%,n:5991	1	19312	0,00639%		1	14.919	0,00494%	Rhizobium	0	0									
GAGA-0082	Pristomyrmex punctatus	Pristomyrmex punctatus	GAGA-0082	GAGA-0082-001	workers frozen		Kazuki	Tsuji	JH5	Pristomyrmex punctatus	X	X			X	X				Myrmicinae	Japan		GAGA-0082	GAGA-0082	GAGA-0082	Pristomyrmex punctatus	X	X			w (NCBI)	X	X	X			Final	294081672	305	8357423	4700699	21358356	C:98.0%[S:98.0%,D:0.0%],F:0.4%,M:1.6%,n:255	C:96.2%[S:96.0%,D:0.2%],F:1.0%,M:2.8%,n:5991	0	0	0,00000%		65	2.622.419	0,89173%	Acinetobacter	27	6									
GAGA-0083	Diacamma sp.	Diacamma cf. indicum	GAGA-0083	GAGA-0083-001	No tissue info		Kazuki	Tsuji	JH6	Diacamma cf. indicum	X	X			X	X				Ponerinae	Japan		GAGA-0083	GAGA-0083	GAGA-0083	Diacamma cf. indicum	X	X			brain and gaster from worker,gamergate (NCBI)	X	X	X			Final	232590103	237	17249990	10506966	29743591	C:93.4%[S:92.2%,D:1.2%],F:0.8%,M:5.8%,n:255	C:93.0%[S:92.7%,D:0.3%],F:1.2%,M:5.8%,n:5991	1	6469	0,00278%		4	36.840	0,01584%	Bacillus	0	0									
GAGA-0084	Aphaenogaster subterranea	Aphaenogaster subterranea	GAGA-0084	GAGA-0084-001	3 gynes frozen		Balint	Marko	JH7	Aphaenogaster subterranea	X	X		X	X	X			w,miX	Myrmicinae	Romania		GAGA-0084	GAGA-0084	GAGA-0084	Aphaenogaster subterranea	X	X			w,mix	X	X	X			Final	415281136	964	6509780	2830995	38873237	C:98.1%[S:96.5%,D:1.6%],F:0.8%,M:1.1%,n:255	C:97.4%[S:96.9%,D:0.5%],F:0.7%,M:1.9%,n:5991	1	10838	0,00261%		4	17.054	0,00411%	Acinetobacter	0	0									
GAGA-0085	Tetramorium caespitum	Tetramorium caespitum	GAGA-0085	GAGA-0085-002	workers or No tissue info		Heribert	Wagner	JH8	Tetramorium caespitum	X	X			X	X				Myrmicinae	Austria		GAGA-0085	GAGA-0085	GAGA-0085	Tetramorium caespitum	X	X				X	X	X			Final	257565776	312	8260325	6266694	22831514	C:96.9%[S:96.9%,D:0.0%],F:0.8%,M:2.3%,n:255	C:96.5%[S:96.0%,D:0.5%],F:0.6%,M:2.9%,n:5991	0	0	0,00000%		2	9.744	0,00378%	Anaeromyxobacter	0	0									
GAGA-0087	Myrmica scabrinodis	Myrmica scabrinodis	GAGA-0087	approx. 8 males frozen	approx. 8 males frozen		Balint	Marko	JH10.1-JH10.9 (1 colony)	Myrmica scabrinodis	X	X		X	X	X			w,m	Myrmicinae	Romania		GAGA-0087	GAGA-0087	GAGA-0087	Myrmica scabrinodis	X	X			w,m	X	X	X			Final	482708276	1858	1543864	784943	16962732	C:98.9%[S:96.9%,D:2.0%],F:0.8%,M:0.3%,n:255	C:97.0%[S:96.4%,D:0.6%],F:1.1%,M:1.9%,n:5991	1	16305	0,00338%				#DIV/0!												
GAGA-0090	Platythyrea punctata	Platythyrea punctata	GAGA-0090	31-10-2019_3	approx. 10 workers		Abel	Bernadou	Col 54 (Juncos)	Platythyrea punctata	X	X			X	X			w,L,p,e(egg+small larve)	Ponerinae	Puerto Rico		GAGA-0090	GAGA-0090	GAGA-0090	Platythyrea punctata	X	X			w,l,p,e(egg+small larve)	X	X	X			Final	200243990	245	4236373	4067116	14101289	C:98.1%[S:97.3%,D:0.8%],F:0.8%,M:1.1%,n:255	C:96.4%[S:96.0%,D:0.4%],F:0.9%,M:2.7%,n:5991	0	0	0,00000%		2	4.347.848	2,17128%	Brucella	2	2									
GAGA-0098	Harpagoxenus sublaevis	Harpagoxenus sublaevis	GAGA-0098	outside project	not done		Claudia	Gstöttl	Hsal-1	Harpagoxenus sublaevis					X		X		w,q,b	Myrmicinae	Germany		GAGA-0098	GAGA-0098	GAGA-0098	Harpagoxenus sublaevis	X		X		w,q,b	X	X				Final	312975705	1372	2520714	2081035	13740575	C:96.1%[S:94.9%,D:1.2%],F:0.8%,M:3.1%,n:255	C:95.4%[S:94.9%,D:0.5%],F:0.9%,M:3.7%,n:5991	0	0	0,00000%		3	9087	0,00290342%	Brachyspira	0	0									
GAGA-0099	Leptothorax acervorum	Leptothorax acervorum	GAGA-0099	outside project	not done		Claudia	Gstöttl	Lace-23	Leptothorax acervorum					X		X		w,q	Myrmicinae	Germany		GAGA-0099	GAGA-0099	GAGA-0099	Leptothorax acervorum	X		X		w,q	X	X				Final	341795952	1199	2018695	1240921	11742009	C:97.3%[S:95.3%,D:2.0%],F:0.4%,M:2.3%,n:255	C:95.0%[S:94.3%,D:0.7%],F:0.9%,M:4.1%,n:5991	0	0	0,00000%		2	7762	0,00227094%	Pseudoalteromonas	1	1									
GAGA-0103	Myrmecina graminicola	Myrmecina graminicola	GAGA-0103	GAGA-0103-001	brood frozen		Raphael	Boulay	RB-4	Myrmecina graminicola	X	X		X	X	X	X		103b	Myrmicinae	France	queen RNA not qualified	GAGA-0103	GAGA-0103	GAGA-0103	Myrmecina graminicola	X	X	X		b	X	X	X			Final	317234403	1984	1409645	1016626	5978058	C:96.9%[S:95.7%,D:1.2%],F:0.8%,M:2.3%,n:255	C:95.8%[S:95.1%,D:0.7%],F:1.1%,M:3.1%,n:5991	0	0	0,00000%		55	8.488.975	2,67593%	Spiroplasma	21	13									
GAGA-0109	Stenamma debile	Stenamma debile	GAGA-0109	GAGA-0109-001	workers or gynes	2 gynes frozen	Raphael	Boulay	RB-10	Stenamma debile	X	X		X	X	X		X	109w,109g        	Myrmicinae	France		GAGA-0109	GAGA-0109	GAGA-0109	Stenamma debile	X	X		X	w,g	X	X	X	running		Hi-C scaffolding using pstools and Salsa2										#DIV/0!				0,00000%												
GAGA-0114	Manica rubida	Manica rubida	GAGA-0114	GAGA-0114-001	1 gyne frozen	3 workser without gaster frozen	Raphael	Boulay	RB-15	Manica rubida	X	X		X	X	X		X	w,miX	Myrmicinae	France		GAGA-0114	GAGA-0114	GAGA-0114	Manica rubida	X	X		X	w,mix + NCBI:venomgland	X	X		X		Check										#DIV/0!				0,00000%												
GAGA-0165	Eutetramorium mocquerysi	Eutetramorium mocquerysi	GAGA-0165	brood	3 workers in RNAlater		Brian	Fisher	BLF40992	Eutetramorium mocquerysi	X	X		X	X	X			w	Myrmicinae	Madagascar		GAGA-0165	GAGA-0165	GAGA-0165	Eutetramorium mocquerysi	X	X			w	X	X	X			Final, additional pacbio data	236032796	541	7095813	6860513	16457805	C:99.3%[S:97.3%,D:2.0%],F:0.8%,M:0.1%,n:255	C:98.4%[S:98.1%,D:0.3%],F:0.7%,M:0.9%,n:5991	0	0	0,00000%		3	10.831	0,00459%	Anaeromyxobacter	0	0									
GAGA-0177	Lasius niger	Lasius niger	GAGA-0177	GAGA-0177-001	approx. 30 workers	4 pupae male/gyne without cocoon in RNAlater	Serge	Aron	SA006	Lasius niger	X	X		X	X	X		X	w,miX	Formicinae	Belgium		GAGA-0177	GAGA-0177	GAGA-0177	Lasius niger	X	X		X	w,mix + NCBI:w,q brain and leg	X	X		X		Check										#DIV/0!				#DIV/0!												
GAGA-0187	Plagiolepis pygmaea	Plagiolepis pygmaea	GAGA-0187	GAGA-0187-002	No tissue info	approx 10 workers and 1 prepupa in RNAlater	Serge	Aron	SA016	Plagiolepis pygmaea	X	X		X	X	X	X	X	187p,187w	Formicinae	France		GAGA-0187	GAGA-0187	GAGA-0187	Plagiolepis pygmaea	X	X	X	X	w,p	X	X		X		Check										#DIV/0!				#DIV/0!												
GAGA-0198	Paratrechina longicornis	Paratrechina longicornis	GAGA-0198	workers 	workers 		Hao	Ran	HR001	Paratrechina longicornis	X	X		X	X	X			WG	Formicinae	China	X	GAGA-0198	GAGA-0198	GAGA-0198	Paratrechina longicornis	X	X			w,g	X	X	X			Final	281381747	815	11926184	6977283	29374133	C:98.5%[S:97.3%,D:1.2%],F:0.8%,M:0.7%,n:255	C:97.2%[S:96.8%,D:0.4%],F:0.8%,M:2.0%,n:5991	0	0	0,00000%				#DIV/0!												
GAGA-0199	Anoplolepis gracilipes	Anoplolepis gracilipes	GAGA-0199	workers 	workers 		Hao	Ran	HR002	Anoplolepis gracilipes	X	X		X	X	X			WG	Formicinae	China	X	GAGA-0199	GAGA-0199	GAGA-0199	Anoplolepis gracilipes	X	X			w,g	X	X	X			Final	254989007	359	9148459	7999272	24011303	C:99.2%[S:87.8%,D:11.4%],F:0.4%,M:0.4%,n:255	C:98.1%[S:97.8%,D:0.3%],F:0.6%,M:1.3%,n:5991	0	0	0,00000%	High Euk busco duplication			#DIV/0!												
GAGA-0200	Camponotus japonicus	Camponotus japonicus	GAGA-0200	workers 	workers 		Hao	Ran	HR003	Camponotus japonicus	X	X		X	X	X	X		w,lw,soldier,g,m	Formicinae	China	X	GAGA-0200	GAGA-0200	GAGA-0200	Camponotus japonicus	X	X	X		w,lw,soldier,g,m + NCBI:q, antennae(w,q,m)	X	X	X			Final	308253534	944	1487226	1083998	6040988	C:97.7%[S:96.1%,D:1.6%],F:0.8%,M:1.5%,n:255	C:98.0%[S:97.4%,D:0.6%],F:0.6%,M:1.4%,n:5991	0	0	0,00000%		76	2.437.309	0,79068%	Pantoea	9	4									
GAGA-0220	Acromyrmex octospinosus stLFR	Acromyrmex octospinosus	GAGA-0220	GAGA-0220-001	not done		Lukas	Schrader	Ao759	Acromyrmex octospinosus		X				X				Myrmicinae	Denmark	X	GAGA-0220	GAGA-0220	GAGA-0220	Acromyrmex octospinosus		X (10X)			mix					X	Final	340970871	16503	267756	21419	3470041	C:89.0%[S:84.7%,D:4.3%],F:5.1%,M:5.9%,n:255	C:86.1%[S:82.2%,D:3.9%],F:6.1%,M:7.8%,n:5991			0,00000%	10X assembly			#DIV/0!												
GAGA-0221	Camponotus fellah	Camponotus fellah	GAGA-0221	GAGA-0221-001	3 pupae	3 worker thorax in RNAlater	Ofer	Feinerman		Camponotus fellah	X	X		X	X	X		X	221w,221sw,221g,221m1,221l 	Formicinae	Israel		GAGA-0221	GAGA-0221	GAGA-0221	Camponotus fellah	X	X		X	w(l&s),g,m,l	X	X		X		Check										#DIV/0!				#DIV/0!												
GAGA-0222	Temnothorax rugatulus	Temnothorax rugatulus	GAGA-0222	outside project	outside project		Susanne	Foitzik	Trug_AZ15_H444; Trug_AZ15_N807; Trug_AZ15_M654; Trug_AZ15_H143; Trug_AZ15_M503	Temnothorax rugatulus				X	X		X		w,q,miX	Myrmicinae	USA		GAGA-0222	GAGA-0222	GAGA-0222	Temnothorax rugatulus	X		X		w,q,mix + NCBI:brain(w,q)	X	X				Final	322709008	1527	1985803	1335744	12402934	C:97.3%[S:94.9%,D:2.4%],F:0.8%,M:1.9%,n:255	C:95.2%[S:94.5%,D:0.7%],F:0.6%,M:4.2%,n:5991	0	0	0,00000%		31	318963	0,0988391%	Serratia	2	1									
GAGA-0223	Temnothorax longispinosus	Temnothorax longispinosus	GAGA-0223	outside project	outside project		Susanne	Foitzik	Tlon_NY16_1618; Tlon_NY16_J1612; Tlon_NY16_J1627; Tlon_NY16_J1624	Temnothorax longispinosus				X	X		X		w,q,m,l,p	Myrmicinae	USA		GAGA-0223	GAGA-0223	GAGA-0223	Temnothorax longispinosus	X		X		w,q,m,l,p + NCBI: gamergate, brain(worker)	X	X				Final	303060058	1493	1163554	925137	5178627	C:96.5%[S:95.7%,D:0.8%],F:1.2%,M:2.3%,n:255	C:95.4%[S:94.9%,D:0.5%],F:0.9%,M:3.7%,n:5991	0	0	0,00000%		105	1546988	0,5104559%	Serratia	7	2									
GAGA-0224	Temnothorax americanus	Temnothorax americanus	GAGA-0224	outside project	outside project		Susanne	Foitzik	Tame_NY16_O825; Tame_NY16_J276; Tame_NY16_J290; Tame_NY16_H226; Tame_NY16_O080; Tame_NY16_Z630; Tame_NY16_V837	Temnothorax americanus				X	X		X		w,q,m,l,p	Myrmicinae	USA		GAGA-0224	GAGA-0224	GAGA-0224	Temnothorax americanus	X		X		w,q,m,l,p + NCBI: brain(worker)	X	X				Final	257721695	645	3892430	2203619	10185155	C:97.7%[S:95.7%,D:2.0%],F:0.8%,M:1.5%,n:255	C:96.2%[S:95.9%,D:0.3%],F:0.9%,M:2.9%,n:5991	0	0	0,00000%		42	2199393	0,853398%	Heliobacterium	11	6									
GAGA-0229	Cephalotes cf. minutus	Cephalotes minutus	GAGA-0229	approx. 15 workers in RNAlater	approx. 10 workers in RNAlater		Fred	Larabie	FJL171002-02	Cephalotes minutus	X	X		X	X	X			w,b	Myrmicinae	Brazil		GAGA-0229	GAGA-0229	GAGA-0229	Cephalotes cf minutus	X	X			w,b	X	X	X			Final	418353368	1472	2768334	1742852	14048241	C:98.1%[S:96.1%,D:2.0%],F:0.8%,M:1.1%,n:255	C:96.2%[S:95.7%,D:0.5%],F:1.4%,M:2.4%,n:5991	1	23635	0,00565%				#DIV/0!												
GAGA-0234	Typhlomyrmex rogenhoferi stLFR	Typhlomyrmex rogenhoferi	GAGA-0234	approx. 30 workers in RNAlater	approx. 30 workers in RNAlater		Fred	Larabie	FJL171007-04	Typhlomyrmex rogenhoferi		X				X				Ectatomminae	Brazil		GAGA-0234	GAGA-0234	GAGA-0234	Typhlomyrmex rogenhoferi		X								X	Final	379324052	40934	77704	13712	1056089	C:94.5%[S:93.3%,D:1.2%],F:2.4%,M:3.1%,n:255	C:91.3%[S:91.0%,D:0.3%],F:4.1%,M:4.6%,n:5991			0,00000%	stLFR assembly			#DIV/0!												
GAGA-0245	Monomorium pharaonis	Monomorium pharaonis	GAGA-0245	workers , brood	workers 	workers not from GAGA-0245 (from colony in Copenhage), Yes!	Hao	Ran	HR000	Monomorium pharaonis	X	X		X	X	X		X	w,g,q,m	Myrmicinae	China	X	GAGA-0245	GAGA-0245	GAGA-0245	Monomorium pharaonis	X	X		X	w,g,q,m + l,p,brain(w,g,q), thorax,abdomen,egg… NCBI	X			X		Final, Chr-level	325533717	726	29663535	1861574	41458767	C:99.2%[S:96.5%,D:2.7%],F:0.8%,M:0.0%,n:255	C:97.8%[S:95.9%,D:1.9%],F:0.9%,M:1.3%,n:5991	12	154671	0,04751%	Chromosome level assembly			0,00000%												
GAGA-0246	Pseudoneoponera rufipes	Pseudoneoponera rufipes	GAGA-0246	workers 	workers 		Hao	Ran	HR004	Pseudoneoponera rufipes	X	X		X	X	X			w,m	Ponerinae	China	X	GAGA-0246	GAGA-0246	GAGA-0246	Pseudoneoponera rufipes	X	X			w,m	X	X	X			Final	305457265	1016	7756490	7435028	16047690	C:97.7%[S:96.9%,D:0.8%],F:0.8%,M:1.5%,n:255	C:96.8%[S:96.4%,D:0.4%],F:1.2%,M:2.0%,n:5991	1	7473	0,00245%		19	425.771	0,13939%	Brucella	1	0									
GAGA-0256	Acanthomyrmex cf. ferox	Acanthomyrmex ferox	GAGA-0256	males or males+brood	GAGA-0258 approx. 20 workers in RNAlater		Stephane	De Greef	GMY001	Acanthomyrmex cf. ferox	X	X			X	X				Myrmicinae	Malaysia		GAGA-0256	GAGA-0256	GAGA-0256	Acanthomyrmex ferox	X	X				X	X	X			Final	317885358	1001	2478895	1847578	12048278	C:96.9%[S:95.3%,D:1.6%],F:0.8%,M:2.3%,n:255	C:96.9%[S:96.5%,D:0.4%],F:0.9%,M:2.2%,n:5991	0	0	0,00000%				#DIV/0!												
GAGA-0266	Ectomomyrmex cf astutus	Ectomomyrmex cf. javanus s2	GAGA-0266	pupae	pupae		Stephane	De Greef	GMY011	Ectomomyrmex cf. javanus sp2	X	X		X	X	X			266w,266p,266L,266q	Ponerinae	Malaysia		GAGA-0266	GAGA-0266	GAGA-0266	Ectomomyrmex cf. javanus sp2 (prev. astatus)	X	X			w,q,mix,l,p	X	X	X			Final	442502979	1917	794751	619558	4860055	C:96.5%[S:94.5%,D:2.0%],F:1.6%,M:1.9%,n:255	C:93.4%[S:93.0%,D:0.4%],F:1.6%,M:5.0%,n:5991	1	6954	0,00157%		115	8.960.778	2,02502%	Lysobacter	40	21									
GAGA-0275	Euprenolepis cf. wittei	Euprenolepis procera	GAGA-0275	larvae and pupae in RNAlater	larvae and pupae in RNAlater		Stephane	De Greef	GMY022	Euprenolepis procera	X	X			X	X				Formicinae	Malaysia		GAGA-0275	GAGA-0275	GAGA-0275	Euprenolepis cf wittei	X	X				X	X	X			Final	267918211	768	2379650	1425565	11757835	C:99.2%[S:98.8%,D:0.4%],F:0.4%,M:0.4%,n:255	C:97.7%[S:97.4%,D:0.3%],F:0.8%,M:1.5%,n:5991	0	0	0,00000%				#DIV/0!												
GAGA-0288	Temnothorax unifasciatus	Temnothorax unifasciatus	GAGA-0288	outside project	outside project		Jürgen	Heinze	Tuni6	Temnothorax unifasciatus	X				X		X		X	Myrmicinae	Germany		GAGA-0288	GAGA-0288	GAGA-0288	Temnothorax unifasciatus	X		X		w,q,mix	X	X				Final	286945547	998	2092848	1293845	9172766	C:95.7%[S:94.9%,D:0.8%],F:0.8%,M:3.5%,n:255	C:95.5%[S:94.9%,D:0.6%],F:0.9%,M:3.6%,n:5991	0	0	0,00000%				0,00000%												
GAGA-0300	Ectomomyrmex javanus	Ectomomyrmex javanus	GAGA-0300	workers 	workers 		Hao	Ran	HR006	Ectomomyrmex cf. javanus sp1	X	X		X	X	X			w,g	Ponerinae	China	X	GAGA-0300	GAGA-0300	GAGA-0300	Ectomomyrmex javanus	X	X			w,g	X	X	X			Final	471710875	1466	1818960	1361682	13816759	C:98.5%[S:97.3%,D:1.2%],F:0.4%,M:1.1%,n:255	C:95.8%[S:95.5%,D:0.3%],F:1.2%,M:3.0%,n:5991	0	0	0,00000%		46	1.425.628	0,30222%	Legionella	7	1									
GAGA-0301	Anochetus risii	Anochetus risii	GAGA-0301	workers 	workers 		Hao	Ran	HR007	Anochetus risii	X	X		X	X	X			w,g	Ponerinae	China	X	GAGA-0301	GAGA-0301	GAGA-0301	Anochetus risii	X	X			w,g	X	X	X			Final	441017109	1238	4721217	3991448	15321606	C:96.9%[S:94.5%,D:2.4%],F:0.4%,M:2.7%,n:255	C:94.5%[S:93.6%,D:0.9%],F:1.3%,M:4.2%,n:5991	0	0	0,00000%				0,00000%												
GAGA-0302	Ochetellus glaber		GAGA-0302	workers 	workers 		Hao	Ran	HR008	Ochetellus glaber	X	X		X	X	X			w	Dolichoderinae	China	X	GAGA-0302	GAGA-0302	GAGA-0302	Ochetellus glaber	X	X			w	X	running				Polishing and stLFR scaffolding										#DIV/0!				#DIV/0!												
GAGA-0303	Harpegnathos venator	Harpegnathos venator	GAGA-0303	workers 	workers 		Hao	Ran	HR009	Harpegnathos venator	X	X		X	X	X			w,g,q,m	Ponerinae	China		GAGA-0303	GAGA-0303	GAGA-0303	Harpegnathos venator	X	X			w,g,q,m	X	X	X			Final	329498660	650	2933597	2036812	10072557	C:98.5%[S:96.9%,D:1.6%],F:1.2%,M:0.3%,n:255	C:97.2%[S:96.8%,D:0.4%],F:1.0%,M:1.8%,n:5991	0	0	0,00000%				0,00000%												
GAGA-0304	Proformica mongolica	Proformica cf. mongolica	GAGA-0304	workers 	workers 		Hao	Ran	HR010	Proformica cf. mongolica	X	X		X	X	X			w	Formicinae	China	X	GAGA-0304	GAGA-0304	GAGA-0304	Proformica cf. mongolica	X	X			w	X	X	X			Final	256831228	843	4696943	3727257	12754633	C:94.9%[S:93.3%,D:1.6%],F:0.8%,M:4.3%,n:255	C:95.4%[S:94.9%,D:0.5%],F:0.8%,M:3.8%,n:5991	0	0	0,00000%				0,00000%												
			GAGA-0305	workers 	workers 		Hao	Ran	HR011	Stigmatomma rubiginoum				X					W	Amblyoponinae	China	RNA assigned to GAGA-0391 assembly	GAGA-0305	GAGA-0305																																							
GAGA-0306	Gnamptogenys bicolor	Gnamptogenys bicolor	GAGA-0306	workers 	workers 		Hao	Ran	HR012	Gnamptogenys bicolor	X	X		X	X	X			w	Ectatomminae	China	X	GAGA-0306	GAGA-0306	GAGA-0306	Gnamptogenys bicolor	X	X			w	X	X	X			Final	324728642	806	4698557	3658798	19888732	C:97.3%[S:96.9%,D:0.4%],F:1.2%,M:1.5%,n:255	C:96.1%[S:95.8%,D:0.3%],F:1.1%,M:2.8%,n:5991	1	16542	0,00509%		53	4.641.987	1,42950%	Spiroplasma	10	9									
			GAGA-0311	GAGA-311,309,317 males+workers	GAGA-311,309,317 males+workers		Susanne	Foitzik	Az18 PH5	Hypoponera opacior	X	X			X	X				Ponerinae	USA	DNA combined from different GAGA ids, GAGA-0307 assigned as the GAGA-ID	GAGA-0311	GAGA-0311																																							
GAGA-0323	Hypoponera opacior stLFR		GAGA-0323	extracted by Morten. no tissue info	No tissue info		Susanne	Foitzik	Az18 SWRS17	Hypoponera opacior	X	X				X				Ponerinae	USA	Assembly discarded: PacBio data is from P. punctata (likely GAGA-0090), stLFR is from correct species.	GAGA-0323	GAGA-0323																																							
GAGA-0328	Carebara diversa stLFR	Carebara diversa	GAGA-0328	workers 	workers 		Hao	Ran	HR014	Carebara diversa	X	X		X	HiFi	X			w,q,g,soldier	Myrmicinae	China		GAGA-0328	GAGA-0328	GAGA-0328	Carebara diversa	HiFi	X			w,q,g,soldier	X	X	X			Final	201069942	187	4847058	4645673	15800878	C:99.2%[S:98.0%,D:1.2%],F:0.4%,M:0.4%,n:255	C:98.4%[S:98.3%,D:0.1%],F:0.6%,M:1.0%,n:5991	3	23171	0,01152%				#DIV/0!												
GAGA-0330	Crematogaster rogenhoferi	Crematogaster cf. rogenhoferi	GAGA-0330	workers 	workers 		Hao	Ran	HR016	Crematogaster cf. rogenhoferi	X	X		X	X	X			w,g,q,m	Myrmicinae	China		GAGA-0330	GAGA-0330	GAGA-0330	Crematogaster cf. rogenhoferi	X	X			w,g,q,m	X	X	X			Final	366506923	1429	2293565	1532967	12863498	C:97.3%[S:96.5%,D:0.8%],F:0.8%,M:1.9%,n:255	C:97.5%[S:97.2%,D:0.3%],F:0.7%,M:1.8%,n:5991	0	0	0,00000%				0,00000%												
GAGA-0331	Carebara bengalensis stLFR	Carebara sp. s2	GAGA-0331	workers 	workers 		Hao	Ran	HR017	Carebara sp. s2		X				X				Myrmicinae	China		GAGA-0331	GAGA-0331	GAGA-0331	Carebara sp. s2 (prev bengalensis)		X								X	Abandoned, sequenced with HiFi: GAGA-0378										#DIV/0!				#DIV/0!												
GAGA-0332	Pseudolasius similus	Pseudolasius sp.	GAGA-0332	workers 	workers 		Hao	Ran	HR018	Pseudolasius sp.	X	X		X	X	X			w,g,q,m, soldier	Formicinae	China		GAGA-0332	GAGA-0332	GAGA-0332	Pseudolasius sp.	X	X			w,g,q,m,soldier	X	X	X			Final	267059277	686	4623664	3650141	16420550	C:96.9%[S:96.5%,D:0.4%],F:0.4%,M:2.7%,n:255	C:95.8%[S:95.6%,D:0.2%],F:0.6%,M:3.6%,n:5991	0	0	0,00000%				0,00000%												
GAGA-0333	Tetramorium bicarinatum	Tetramorium bicarinatum	GAGA-0333	workers 	workers 		Hao	Ran	HR019	Tetramorium bicarinatum	X	X		X	X	X			w,g,m	Myrmicinae	China		GAGA-0333	GAGA-0333	GAGA-0333	Tetramorium bicarinatum	X	X			w,g,m + NCBI:venomgland	X	X	X			Final	263696061	308	10271294	8772676	29476781	C:98.8%[S:98.0%,D:0.8%],F:0.4%,M:0.8%,n:255	C:97.6%[S:97.4%,D:0.2%],F:0.8%,M:1.6%,n:5991	0	0	0,00000%				0,00000%												
GAGA-0334	Rossomyrmex quandratinodum	Rossomyrmex quandratinodum	GAGA-0334	workers 	workers 		Hao	Ran	HR020	Rossomyrmex quandratinodum	X	X			X	X				Formicinae	China		GAGA-0334	GAGA-0334	GAGA-0334	Rossomyrmex quandratinodum	X	X				X	X	X			Final	251806883	1170	5051347	4844179	25755488	C:98.8%[S:98.0%,D:0.8%],F:0.4%,M:0.8%,n:255	C:97.5%[S:97.2%,D:0.3%],F:1.2%,M:1.3%,n:5991	0	0	0,00000%				#DIV/0!												
GAGA-0335	Meranoplus bicolor	Meranoplus bicolor	GAGA-0335	workers 	workers 		Hao	Ran	HR021	Meranoplus cf. bicolor	X	X		X	X	X			w,g,m	Myrmicinae	China		GAGA-0335	GAGA-0335	GAGA-0335	Meranoplus cf. bicolor	X	X			w,q,m	X	X	X			Final	255123066	352	5866478	5353572	22872524	C:98.1%[S:97.3%,D:0.8%],F:0.4%,M:1.5%,n:255	C:97.3%[S:97.1%,D:0.2%],F:0.6%,M:2.1%,n:5991	1	11108	0,00435%		10	1.209.167	0,47395%	Wolbachia	8	5									
GAGA-0336	Oecophylla smaragdina	Oecophylla smaragdina	GAGA-0336	workers 	workers 		Hao	Ran	HR022	Oecophylla smaragdina	X	X		X	X	X			w(l,s),g,m	Formicinae	China		GAGA-0336	GAGA-0336	GAGA-0336	Oecophylla smaragdina	X	X			w(l,s),g,m	X	X	X			Final	218928250	221	7705134	5304440	18755224	C:98.8%[S:98.4%,D:0.4%],F:0.8%,M:0.4%,n:255	C:97.5%[S:97.3%,D:0.2%],F:0.8%,M:1.7%,n:5991	0	0	0,00000%				0,00000%												
GAGA-0337	Tapinoma melanocephalum	Tapinoma melanocephalum	GAGA-0337	workers 	workers 		Hao	Ran	HR023	Tapinoma melanocephalum	X	X		X	X	X			w,g,q,m	Dolichoderinae	China		GAGA-0337	GAGA-0337	GAGA-0337	Tapinoma melanocephalum	X	X			w,g,q,m	X	X	X			Final	265314474	496	5367291	4684226	22581264	C:97.6%[S:93.7%,D:3.9%],F:1.2%,M:1.2%,n:255	C:95.4%[S:95.0%,D:0.4%],F:1.3%,M:3.3%,n:5991	0	0	0,00000%				0,00000%												
GAGA-0338	Lepisiota rothneyi	Lepisiota rothneyi	GAGA-0338	workers 	workers 		Hao	Ran	HR024	Lepisiota rothneyi	X	X		X	X	X			w(l,s,soldier),g	Formicinae	China		GAGA-0338	GAGA-0338	GAGA-0338	Lepisiota rothneyi	X	X			w(l,s,soldier),g	X	X	X			Final	359432235	994	2540922	1640145	12419093	C:97.7%[S:95.3%,D:2.4%],F:1.6%,M:0.7%,n:255	C:96.7%[S:96.1%,D:0.6%],F:1.1%,M:2.2%,n:5991	0	0	0,00000%				0,00000%												
GAGA-0340	Tapinoma sp. (formerly Dolichoderus flatidorsus )	Tapinoma cf. melanocephalum	GAGA-0340	workers 	workers 		Hao	Ran	HR026	Tapinoma cf. melanocephalum	X	X		X	X	X			w,g,m	Dolichoderinae	China		GAGA-0340	GAGA-0340	GAGA-0340	Tapinoma cf. melanocephalum	X	X			w,g,m	X	X	X			Final	264747472	358	9678788	7016887	21806162	C:96.1%[S:94.5%,D:1.6%],F:0.4%,M:3.5%,n:255	C:94.6%[S:94.0%,D:0.6%],F:0.9%,M:4.5%,n:5991	1	41354	0,01562%				0,00000%												
GAGA-0341	Nylanderia fulva	Nylanderia fulva	GAGA-0341	outside project	outside project		Andrew	Davitt	TCA1	Nylanderia fulva	X		X		X		X		w,q (ncbi)	Formicinae	USA		GAGA-0341	GAGA-0341	GAGA-0341	Nylanderia fulva	X		X		w,q (NCBI)	X	X				Final	340063855	1999	2577264	1620979	10677136	C:98.8%[S:94.1%,D:4.7%],F:0.8%,M:0.4%,n:255	C:97.1%[S:96.2%,D:0.9%],F:1.1%,M:1.8%,n:5991	0	0	0,00000%				0,00000%												
GAGA-0343	Pseudomyrmex cf. ferrugineus	Pseudomyrmex spinicola	GAGA-0343	no tissue info	approx. 20 workers in RNAlater		Jonathan	Shik	JZS_037954	Pseudomyrmex spinicola	X	X		X	X	X			w	Pseudomyrmecinae	Panama		GAGA-0343	GAGA-0343	GAGA-0343	Pseudomyrmex spinicola	X	X			w	X	X	X			Final	263130627	658	4521254	4158798	11928103	C:98.1%[S:96.5%,D:1.6%],F:1.2%,M:0.7%,n:255	C:96.9%[S:96.6%,D:0.3%],F:1.1%,M:2.0%,n:5991	3	10710	0,00407%		10	110.553	0,04201%	Acetobacter	0	0									
GAGA-0346	Megalomyrmex milenae	Megalomyrmex milenae	GAGA-0346	workers RNAlater Combined with other sample	approx. 10 males in RNAlater	2 males in RNAlater	Jonathan	Shik	JZS_37956	Megalomyrmex milenae	X	X		X	X	X		X	346m,346p,346w,346L	Myrmicinae	Panama		GAGA-0346	GAGA-0346	GAGA-0346	Megalomyrmex milenae	X	X		X	w,m,l,p	X	X	X	running		Hi-C scaffolding using pstools and Salsa2										#DIV/0!	Removed artifactual duplications			#DIV/0!												
GAGA-0350	Formica fusca	Formica fusca	GAGA-0350	workers 	workers 		Hao	Ran	HR027	Formica fusca	X	X		X	X	X			w,m	Formicinae	China		GAGA-0350	GAGA-0350	GAGA-0350	Formica fusca	X	X			w,m + NCBI:q(European)	X	X	X			Check										#DIV/0!				#DIV/0!												
GAGA-0351	Diacamma rugosum	Diacamma rugosum	GAGA-0351	workers 	workers 		Hao	Ran	HR028	Diacamma rugosum	X	X		X	X	X			w,g,m	Ponerinae	China		GAGA-0351	GAGA-0351	GAGA-0351	Diacamma rugosum	X	X			w,g,m	X	X	X			Final	270416833	1394	7838136	6887359	40471549	C:98.8%[S:95.7%,D:3.1%],F:0.8%,M:0.4%,n:255	C:96.5%[S:96.1%,D:0.4%],F:1.4%,M:2.1%,n:5991	0	0	0,00000%				0,00000%												
GAGA-0352	Leptogenys diminuta	Leptogenys diminuta	GAGA-0352	workers 	workers 		Hao	Ran	HR029	Leptogenys diminuta	X	X		X	X	X			w	Ponerinae	China		GAGA-0352	GAGA-0352	GAGA-0352	Leptogenys diminuta	X	X			w	X	X	X			Final	347682153	602	9629245	6919082	25475893	C:97.3%[S:95.7%,D:1.6%],F:0.8%,M:1.9%,n:255	C:97.1%[S:96.6%,D:0.5%],F:1.1%,M:1.8%,n:5991	1	5376	0,00155%				0,00000%												
GAGA-0353	Odontomachus monticola var. formosae	Odontomachus cf. monticola	GAGA-0353	workers 	workers 		Hao	Ran	HR030	Odontomachus cf. monticola	X	X		X	X	X				Ponerinae	China		GAGA-0353	GAGA-0353	GAGA-0353	Odontomachus cf. monticola	X	X				X	X	X			Final	596309988	1762	2689006	1692086	20464601	C:97.3%[S:95.3%,D:2.0%],F:0.8%,M:1.9%,n:255	C:95.5%[S:94.8%,D:0.7%],F:1.1%,M:3.4%,n:5991	0	0	0,00000%				#DIV/0!												
GAGA-0354	Cataglyphis aenescens	Cataglyphis aenescens	GAGA-0354	workers 	workers 		Hao	Ran	HR031	Cataglyphis aenescens	X	X		X	X	X			w(l,s,soldier),g,m	Formicinae	China		GAGA-0354	GAGA-0354	GAGA-0354	Cataglyphis aenescens	X	X			w(l,s,soldier),g,m	X	X	X			Final	288579931	921	5313893	4327272	19126263	C:98.4%[S:97.6%,D:0.8%],F:0.4%,M:1.2%,n:255	C:97.7%[S:97.0%,D:0.7%],F:0.6%,M:1.7%,n:5991			0,00000%				#DIV/0!												
GAGA-0356	Aphaenogaster japonica	Aphaenogaster japonica	GAGA-0356	workers 	workers 		Hao	Ran	HR033	Aphaenogaster exasperata	X	X		X	X	X			w,g,q,m	Myrmicinae	China		GAGA-0356	GAGA-0356	GAGA-0356	Aphaenogaster exasperata	X	X			w,g,q,m	X	X	X			Final	398711479	1377	4319771	3339657	11482490	C:98.4%[S:97.6%,D:0.8%],F:0.8%,M:0.8%,n:255	C:98.0%[S:97.6%,D:0.4%],F:0.7%,M:1.3%,n:5991	3	46560	0,01168%				0,00000%												
GAGA-0358	Pheidole nodus	Pheidole nodus	GAGA-0358	workers 	workers 		Hao	Ran	HR035	Pheidole nodus	X	X		X	X	X			w,g,q,m	Myrmicinae	China		GAGA-0358	GAGA-0358	GAGA-0358	Pheidole nodus	X	X			w,g,q,m	X	X	X			Final	347952949	1107	5816009	3292830	33983549	C:97.3%[S:94.9%,D:2.4%],F:0.4%,M:2.3%,n:255	C:97.0%[S:96.5%,D:0.5%],F:0.9%,M:2.1%,n:5991	1	20419	0,00587%				0,00000%												
GAGA-0359	Formica japonica	Formica cf. japonica	GAGA-0359	workers 	workers 		Hao	Ran	HR036	Formica cf. japonica	X	X		X	X	X			w(l,s)	Formicinae	China		GAGA-0359	GAGA-0359	GAGA-0359	Formica cf. japonica	X	X			w(l,s)	X	X	X			Final	392100518	2524	1760077	898878	12112361	C:97.6%[S:94.9%,D:2.7%],F:1.2%,M:1.2%,n:255	C:96.6%[S:95.5%,D:1.1%],F:0.7%,M:2.7%,n:5991	2	20727	0,00529%				0,00000%												
GAGA-0360	Colobopsis minus	Colobopsis sp.	GAGA-0360	workers 	workers 		Hao	Ran	HR037	Colobopsis sp.	X	X		X	X	X			w,g,q,m	Formicinae	China		GAGA-0360	GAGA-0360	GAGA-0360	Colobopsis sp. (prev. C. minus)	X	X			w,g,q,m	X	X	X			Final	263945931	416	8879804	6969522	23115190	C:99.2%[S:98.8%,D:0.4%],F:0.4%,M:0.4%,n:255	C:98.3%[S:98.0%,D:0.3%],F:0.6%,M:1.1%,n:5991	2	10016	0,00379%				0,00000%												
GAGA-0361	Camponotus fedtschenkoi	Camponotus cf. fedtschenkoi	GAGA-0361	workers 	workers 		Hao	Ran	HR038	Camponotus cf. fedtschenkoi	X	X		X	X	X			w(l,s),q	Formicinae	China		GAGA-0361	GAGA-0361	GAGA-0361	Camponotus cf. fedtschenkoi	X	X			w(l,s),q	X	X	X			Final	254533680	310	9403938	8098778	34919288	C:98.0%[S:97.6%,D:0.4%],F:0.4%,M:1.6%,n:255	C:98.0%[S:97.6%,D:0.4%],F:0.4%,M:1.6%,n:5991	0	0	0,00000%				0,00000%												
GAGA-0362	Camponotus nicobarensis	Camponotus sp.	GAGA-0362	workers 	workers 		Hao	Ran	HR039	Camponotus sp.	X	X		X	X	X			w(l,s),g,m	Formicinae	China		GAGA-0362	GAGA-0362	GAGA-0362	Camponotus sp. (prev. C. nicobarensis)	X	X			w(l,s),g,m	X	X	X			Final	291031212	1049	7889687	6930613	22672192	C:99.2%[S:98.0%,D:1.2%],F:0.4%,M:0.4%,n:255	C:97.8%[S:97.4%,D:0.4%],F:0.7%,M:1.5%,n:5991	0	0	0,00000%				0,00000%												
GAGA-0363	Iridomyrmex anceps	Iridomyrmex anceps	GAGA-0363	workers 	workers 		Hao	Ran	HR040	Iridomyrmex anceps	X	X		X	X	X			w,q	Dolichoderinae	China		GAGA-0363	GAGA-0363	GAGA-0363	Iridomyrmex anceps	X	X			w,q	X	X	X			Final	223780342	473	9590801	9354930	16801597	C:96.1%[S:94.9%,D:1.2%],F:1.2%,M:2.7%,n:255	C:95.7%[S:95.5%,D:0.2%],F:0.7%,M:3.6%,n:5991	0	0	0,00000%				0,00000%												
GAGA-0364	Lasius fuliginosus	Lasius sp. s3	GAGA-0364	workers 	workers 		Hao	Ran	HR041	Lasius sp1	X	X		X	X	X			lw,sw	Formicinae	China		GAGA-0364	GAGA-0364	GAGA-0364	Lasius sp1 (prev. L. concavus sp. nov.)	X	X			lw,sw	X	X	X			Final, validating species ID (Paco)										#DIV/0!				#DIV/0!												
GAGA-0365	Tetraponera rufonigra		GAGA-0365	workers 	workers 		Hao	Ran	HR042	Tetraponera rufonigra	X			X	X	X			w,g,m	Pseudomyrmecinae	China		GAGA-0365	GAGA-0365	GAGA-0365	Tetraponera rufonigra	X	X			w,g,m	X	X	running			stLFR scaffolding										#DIV/0!				#DIV/0!												
GAGA-0366	Lasius neglectus stLFR	Lasius neglectus	GAGA-0366	2 queens in RNAlater or brood in RNAlater. GAGA-0367 approx. 25 workers RNAlater	3 queens in RNAlater		Elisabeth	Naderlinger	J15A	Lasius neglectus		X		X		X			q,m,b	Formicinae	Germany	PacBio failed	GAGA-0366	GAGA-0366	GAGA-0366	Lasius neglectus		X			q,m,b + NCBI:w,q					X	Final	256612878	27449	33384	17635	366811	C:97.3%[S:96.5%,D:0.8%],F:2.7%,M:0.0%,n:255	C:92.7%[S:92.5%,D:0.2%],F:4.6%,M:2.7%,n:5991			0,00000%	stLFR assembly			#DIV/0!												
GAGA-0374	Polyrhachis illaudata	Polyrhachis illaudata	GAGA-0374	workers 	workers 		Hao	Ran	HR047	Polyrhachis illaudata	X	X		X	X	X			w,g,q	Formicinae	China		GAGA-0374	GAGA-0374	GAGA-0374	Polyrhachis illaudata	X	X			w,g,q	X	X	X			Final	281102040	958	2407269	1744846	10540580	C:96.9%[S:94.9%,D:2.0%],F:1.2%,M:1.9%,n:255	C:97.8%[S:97.4%,D:0.4%],F:0.5%,M:1.7%,n:5991	0	0	0,00000%				0,00000%												
GAGA-0376	Pheidole sulcaticeps	Pheidole capellini	GAGA-0376	workers 	workers 		Hao	Ran	HR049	Pheidole capellini	X	X		X	X	X			w,soldier,q,m	Myrmicinae	China		GAGA-0376	GAGA-0376	GAGA-0376	Pheidole capellinii	X	X			w,soldier,q,m	X	X	X			Final	294036049	827	5234303	3222246	23654548	C:97.3%[S:96.5%,D:0.8%],F:0.8%,M:1.9%,n:255	C:95.9%[S:95.6%,D:0.3%],F:0.8%,M:3.3%,n:5991	2	14977	0,00509%				0,00000%												
GAGA-0378	Carebara bengalensis	Carebara cf. bengalensis					Hao	Ran	HR051	Carebara bengalensis	X				X					Myrmicinae	China		GAGA-0378	GAGA-0378	GAGA-0378	Carebara bengalensis	HiFi					X	Polished with PacBio				Final	220830944	330	6593202	6593202	20778736	C:95.7%[S:94.1%,D:1.6%],F:1.2%,M:3.1%,n:255	C:95.7%[S:95.4%,D:0.3%],F:1.0%,M:3.3%,n:5991	0	0	0,00000%																
GAGA-0379	Cerapachys sulcinodis	Cerapachys sulcinodis	GAGA-0379	workers 	workers 		Hao	Ran	HR052	Cerapachys sulcinodis	X	X		X	X	X			w(l,s,soldier),q	Dorylinae	China		GAGA-0379	GAGA-0379	GAGA-0379	Cerapachys sulcinodis	X	X			w(l,s,soldier),q	X	X	X			Final	314958039	1113	2365567	2086566	8282620	C:97.7%[S:95.3%,D:2.4%],F:0.8%,M:1.5%,n:255	C:96.8%[S:96.5%,D:0.3%],F:0.7%,M:2.5%,n:5991	0	0	0,00000%				0,00000%												
GAGA-0380	Leptogenys kitteli	Leptogenys cf. kitteli	GAGA-0380	workers 	workers 		Hao	Ran	HR053	Leptogenys cf. kitteli	X	X		X	X	X			w,q	Ponerinae	China		GAGA-0380	GAGA-0380	GAGA-0380	Leptogenys cf. kitteli	X	X			w,q	X	X	X			Final	318351279	526	6353551	4475743	24681094	C:98.5%[S:96.9%,D:1.6%],F:0.8%,M:0.7%,n:255	C:97.1%[S:96.6%,D:0.5%],F:1.1%,M:1.8%,n:5991	0	0	0,00000%				0,00000%												
GAGA-0382	Carebara trechideros	Carebara trechideros	GAGA-0382	workers 	workers 		Hao	Ran	HR055	Carebara trechideros	X	X		X	X	X			w,soldier	Myrmicinae	China		GAGA-0382	GAGA-0382	GAGA-0382	Carebara trechideros	X	X			w,soldier	X	X	X			Final	201081626	165	8192559	8192559	30347629	C:99.6%[S:98.4%,D:1.2%],F:0.4%,M:0.0%,n:255	C:98.5%[S:98.4%,D:0.1%],F:0.7%,M:0.8%,n:5991	2	16972	0,00844%				0,00000%												
GAGA-0384	Pheidole zoceana	Pheidole selathorax	GAGA-0384	workers 	workers 		Hao	Ran	HR057	Pheidole selathorax	X	X		X	X	X			w,g,q	Myrmicinae	China		GAGA-0384	GAGA-0384	GAGA-0384	Pheidole selathorax	X	X			w,g,q	X	X	X			Final	287179939	948	5232631	3929527	15917381	C:94.6%[S:92.2%,D:2.4%],F:0.4%,M:5.0%,n:255	C:95.1%[S:94.6%,D:0.5%],F:0.9%,M:4.0%,n:5991	1	14843	0,00517%				0,00000%												
GAGA-0386	Euponera pilosior stLFR	Euponera pilosior	GAGA-0386	workers 	workers 		Hao	Ran	HR059	Euponera pilosior		X				X				Ponerinae	China		GAGA-0386	GAGA-0386	GAGA-0386	Euponera pilosior		X								X	Final	401474642	50412	48267	11052	525551	C:96.5%[S:95.7%,D:0.8%],F:2.0%,M:1.5%,n:255	C:84.2%[S:83.7%,D:0.5%],F:8.3%,M:7.5%,n:5991			0,00000%	stLFR assembly			#DIV/0!												
GAGA-0387	Leptogenys binghamii stLFR	Leptogenys cf. binghamii	GAGA-0387	workers 	workers 		Hao	Ran	HR060	Leptogenys cf. binghamii		X		X		X			w	Ponerinae	China		GAGA-0387	GAGA-0387	GAGA-0387	Leptogenys cf. binghamii		X			w					X	Final	271018224	29757	81716	18804	555988	C:90.6%[S:89.0%,D:1.6%],F:6.7%,M:2.7%,n:255	C:89.3%[S:88.9%,D:0.4%],F:4.9%,M:5.8%,n:5991			0,00000%	stLFR assembly			#DIV/0!												
GAGA-0389	Proceratium itoi stLFR	Proceratium itoi	GAGA-0389	workers 	workers 		Hao	Ran	HR062	Proceratium itoi		X				X				Proceratiinae	China		GAGA-0389	GAGA-0389	GAGA-0389	Proceratium itoi		X								X	Final	310951712	61889	15488	7771	254508	C:87.9%[S:87.1%,D:0.8%],F:5.5%,M:6.6%,n:255	C:81.7%[S:81.4%,D:0.3%],F:8.9%,M:9.4%,n:5991			0,00000%	stLFR assembly			#DIV/0!												
GAGA-0391	Stigmatomma rubiginoum	Stigmatomma cf. rubiginoum	GAGA-0391	workers 	workers 		Hao	Ran	HR064	Stigmatomma cf. rubiginoum	X	X			X	X			w(from GAGA-0305)	Amblyoponinae	China		GAGA-0391	GAGA-0391	GAGA-0391	Stigmatomma cf. rubiginoum	X	X			w (from GAGA-0305)	X	X	X			Final	285956669	589	5418533	3464037	16231852	C:96.9%[S:94.9%,D:2.0%],F:0.4%,M:2.7%,n:255	C:95.1%[S:94.6%,D:0.5%],F:0.9%,M:4.0%,n:5991	0	0	0,00000%				0,00000%												
GAGA-0392	Leptanilla sp. stLFR	Leptanilla sp.	GAGA-0392	workers 	workers 		Hao	Ran	HR065	Leptanilla sp.		X				X				Leptanillinae	China		GAGA-0392	GAGA-0392	GAGA-0392	Leptanilla sp.		X								X	Final	227359191	24157	125679	25437	1026958	C:98.0%[S:97.6%,D:0.4%],F:1.6%,M:0.4%,n:255	C:93.3%[S:93.2%,D:0.1%],F:2.9%,M:3.8%,n:5991			0,00000%	stLFR assembly			0,00000%												
GAGA-0393	Crematogaster biroi	Crematogaster cf. osakensis	GAGA-0393	workers 	workers 		Hao	Ran	HR066	Crematogaster cf. osakensis	X	X		X	X	X			w,q	Myrmicinae	China		GAGA-0393	GAGA-0393	GAGA-0393	Crematogaster cf. osakensis (prev. C. biroi)	X	X			w,q	X	X	X			Final	264475679	445	4278322	2989430	15895958	C:97.3%[S:96.1%,D:1.2%],F:0.4%,M:2.3%,n:255	C:96.9%[S:96.5%,D:0.4%],F:0.8%,M:2.3%,n:5991	0	0	0,00000%				0,00000%												
GAGA-0395	Crematogaster osakensis	Crematogaster osakensis	GAGA-0395	workers 	workers 		Hao	Ran	HR068	Crematogaster osakensis	X	X		X	X	X			w,q	Myrmicinae	China		GAGA-0395	GAGA-0395	GAGA-0395	Crematogaster osakensis	X	X			w,q + NCBI:male, spermatheca, accessory_gland, mated queen	X	X	X			Final	267781427	545	5672034	3078797	25631167	C:96.1%[S:95.3%,D:0.8%],F:0.4%,M:3.5%,n:255	C:96.5%[S:96.2%,D:0.3%],F:0.8%,M:2.7%,n:5991	1	5092	0,00190%				#DIV/0!												
GAGA-0396	Camponotus singularis	Camponotus singularis	GAGA-0396	workers 	workers 		Hao	Ran	HR069	Camponotus singularis	X	X		X	X	X			w,soldier,g,m	Formicinae	China		GAGA-0396	GAGA-0396	GAGA-0396	Camponotus singularis	X	X			w,soldier,g,m	X	X	X			Final	264501694	995	3455385	2591501	19528614	C:98.4%[S:98.0%,D:0.4%],F:1.2%,M:0.4%,n:255	C:98.0%[S:97.7%,D:0.3%],F:0.6%,M:1.4%,n:5991	1	9992	0,00378%				0,00000%												
GAGA-0401	Myrmica urbanii	Myrmica sp.	GAGA-0401	workers 	workers 		Hao	Ran	HR074	Myrmica sp.	X	X		X	X	X			w,q	Myrmicinae	China		GAGA-0401	GAGA-0401	GAGA-0401	Myrmica sp. (prev. M. urbanii)	X	X			w,q	X	X	X			Final	475072886	3296	706557	413598	9405053	C:97.7%[S:96.5%,D:1.2%],F:0.8%,M:1.5%,n:255	C:96.5%[S:95.9%,D:0.6%],F:1.0%,M:2.5%,n:5991	0	0	0,00000%				#DIV/0!												
GAGA-0404	Mystrium camillae	Mystrium camillae	GAGA-0404	workers 	workers 		Hao	Ran	HR077	Mystrium cf. camillae	X	X		X	X	X			w,q	Amblyoponinae	China		GAGA-0404	GAGA-0404	GAGA-0404	Mystrium cf. camillae	X	X			w,q	X	X	X			Final	303820870	1193	5907300	5078670	11680574	C:95.6%[S:92.5%,D:3.1%],F:1.6%,M:2.8%,n:255	C:96.2%[S:95.6%,D:0.6%],F:1.1%,M:2.7%,n:5991	3	18809	0,00619%				0,00000%												
GAGA-0405	Tetramorium polymorphum	Tetramorium sp.	GAGA-0405	workers 	workers 		Hao	Ran	HR078	Tetramorium sp. s1	X	X		X	X	X			w(l,s),q	Myrmicinae	China		GAGA-0405	GAGA-0405	GAGA-0405	Tetramorium sp. (prev. T. polymorphum)	X	X			w(l,s),q	X	X	X			Final	263364632	398	5147335	3798909	14008044	C:99.2%[S:98.8%,D:0.4%],F:0.4%,M:0.4%,n:255	C:97.3%[S:96.9%,D:0.4%],F:0.9%,M:1.8%,n:5991	0	0	0,00000%				#DIV/0!												
GAGA-0406	Myrmoteras binghamii stLFR	Myrmoteras binghamii	GAGA-0406	workers 	workers 		Hao	Ran	KIZ203	Myrmoteras binghamii		X				X				Formicinae	China		GAGA-0406	GAGA-0406	GAGA-0406	Myrmoteras binghamii		X								X	Final	287051693	62286	11524	5355	2995910	C:88.3%[S:87.5%,D:0.8%],F:8.6%,M:3.1%,n:255	C:73.0%[S:72.8%,D:0.2%],F:15.3%,M:11.7%,n:5991			0,00000%	stLFR assembly			#DIV/0!												
GAGA-0407	Kartidris nyos	Kartidris sp.	GAGA-0407	workers 	workers 		Hao	Ran	HR080	Kartidris sp.	X	X		X	X	X			w,m	Myrmicinae	China		GAGA-0407	GAGA-0407	GAGA-0407	Kartidris sp. (prev. K. nyos)	X	X			w,m	X	X	X			Final	276311547	911	5364274	4624945	19012379	C:96.9%[S:94.5%,D:2.4%],F:1.2%,M:1.9%,n:255	C:96.4%[S:96.1%,D:0.3%],F:1.0%,M:2.6%,n:5991	0	0	0,00000%				#DIV/0!												
GAGA-0408	Buniapone amblyops stLFR	Buniapone amblyops	GAGA-0408	workers 	workers 		Hao	Ran	HR081	Buniapone amblyops		X		X		X			w,q	Ponerinae	China	PacBio contaminated	GAGA-0408	GAGA-0408	GAGA-0408	Buniapone amblyops		X			w,q					X	Final	312242072	28700	120270	13344	815873	C:98.1%[S:97.3%,D:0.8%],F:1.6%,M:0.3%,n:255	C:94.3%[S:93.9%,D:0.4%],F:2.5%,M:3.2%,n:5991			0,00000%	stLFR assembly			#DIV/0!												
GAGA-0413	Messor capitatus	Messor capitatus	GAGA-0413	workers 	workers 		Hao	Ran	HR083	Messor capitatus	X	X			X	X			w,q (NCBI)	Myrmicinae	China		GAGA-0413	GAGA-0413	GAGA-0413	Messor capitatus	X	X			w,q (NCBI)	X	X	X			Final	307634449	439	11416789	10905050	24956491	C:98.4%[S:97.6%,D:0.8%],F:0.8%,M:0.8%,n:255	C:98.3%[S:98.0%,D:0.3%],F:0.8%,M:0.9%,n:5991	1	19838	0,00645%				#DIV/0!												
GAGA-0454	Solenopsis fugax (formerly Strongylognathus testaceus)	Solenopsis fugax	GAGA-0454	workers+males in RNAlater	approx. 20 workers + 1 gyne in RNAlater	males and workers in RNAlater	Gema	Trigos-Peral	S1	Solenopsis fugax	X	X		X	X	X		X	454w,454m 	Myrmicinae	Poland		GAGA-0454	GAGA-0454	GAGA-0454	Solenopsis fugax (formerly Strongylognathus testaceus)	X	X		X	w,m (might be from Strongylognathus testaceus?)	X	X	X	running		Hi-C scaffolding using pstools and Salsa2										#DIV/0!				#DIV/0!												
GAGA-0463	Formicoxenus nitidulus	Formicoxenus nitidulus	GAGA-0463	workers+gyne+brood	workers+gyne+brood		Gema	Trigos-Peral	FN2	Formicoxenus nitidulus	X	X		X	X	X			w,p	Myrmicinae	Poland		GAGA-0463	GAGA-0463	GAGA-0463	Formicoxenus nitidulus	X	X			w,p	X	X	X			Final	310668716	562	4545400	3761452	27864280	C:98.4%[S:97.6%,D:0.8%],F:0.8%,M:0.8%,n:255	C:97.4%[S:96.8%,D:0.6%],F:0.9%,M:1.7%,n:5991	0	0	0,00000%				#DIV/0!												
GAGA-0484	Formica aquilonia x polyctena		GAGA-0484	outside project	outside project		Pierre	Nouhaud	PN002	Formica aquilonia x polyctena	X				X					Formicinae	Finland	Abandoned assembly: hybrid species	GAGA-0484	GAGA-0484																																							
GAGA-0485	Formica sanguinea	Formica sanguinea	GAGA-0485	5 pupae in RNAlater	1 worker pupa in RNAlater		Heikki	Helanterä	HH_FS_R1	Formica sanguinea	X	X		X	X	X			w,p	Formicinae	Finland		GAGA-0485	GAGA-0485	GAGA-0485	Formica sanguinea	X	X			w,p	X	X	X			Final	350493580	3412	3983708	3829316	12603707	C:99.6%[S:97.6%,D:2.0%],F:0.4%,M:0.0%,n:255	C:97.6%[S:96.9%,D:0.7%],F:0.7%,M:1.7%,n:5991	2	25631	0,00731%				#DIV/0!												
			GAGA-0486	Only RNA done? Yes!	486w		Heikki	Helanterä	HH_FS_R2	Formica sanguinea				X						Formicinae	Finland		GAGA-0486	GAGA-0486																																							
GAGA-0491	Formica fusca (European)	Lasius fuliginosus	GAGA-0491	12 larvae in RNAlater	13 larvae in RNAlater		Heikki	Helanterä	HH_FF_SA1	Formica fusca	X	X		X	HiFi	X			w,l,p	Formicinae	Finland		GAGA-0491	GAGA-0491	GAGA-0491	Lasius fuliginosus (formerly Formica fusca (European))	Hifi	X			w,l,p (might be from Formica fusca)	X	X	X			Final	239947264	361	2366941	2107091	7353450	C:99.2%[S:98.4%,D:0.8%],F:0.4%,M:0.4%,n:255	C:97.7%[S:97.4%,D:0.3%],F:0.7%,M:1.6%,n:5991	1	5698	0,00237%				#DIV/0!												
GAGA-0494	Rossomyrmex minuchae	Rossomyrmex minuchae	GAGA-0494	approx. 10 pupae in RNAlater	2 workers in RNAlater		Alberto	Tinaut	RT001	Rossomyrmex minuchae	X	X		X (w and l failed)	X	X			p,b	Formicinae	Spain	only 1w left	GAGA-0494	GAGA-0494	GAGA-0494	Rossomyrmex minuchae	X	X			p,b	X	X	X			Final	253197573	1431	5307170	5054593	15497858	C:97.7%[S:96.9%,D:0.8%],F:0.8%,M:1.5%,n:255	C:97.0%[S:96.6%,D:0.4%],F:0.7%,M:2.3%,n:5991	0	0	0,00000%				#DIV/0!												
GAGA-0495	Proformica longiseta stLFR	Formica fusca	GAGA-0495	11 workers (major+minor) without abdomon	12 workers (major+minor) without abdomon		Alberto	Tinaut	RT002	Proformica longiseta		X		X		X			w,p,l	Formicinae	Spain	PacBio failed	GAGA-0495	GAGA-0495	GAGA-0495	Proformica longiseta		X			w,l,p					X	Abandoned, mislabelled sample, it is Formica fusca (assembly already done with PacBio)										#DIV/0!				#DIV/0!												
GAGA-0502	Iberoformica subrufa	Iberoformica subrufa	GAGA-0502	11 males in RNAlater	3 workers in RNAlater		Alberto	Tinaut	RT010	Iberoformica subrufa	X	X		X	X	X			w	Formicinae	Spain	gyne RNA not qualified	GAGA-0502	GAGA-0502	GAGA-0502	Iberoformica subrufa (prev. GAGA-0106)	X	X			w	X	X	X			Final	289995929	1109	4808608	3741169	22492052	C:97.7%[S:96.9%,D:0.8%],F:0.8%,M:1.5%,n:255	C:97.9%[S:97.5%,D:0.4%],F:0.8%,M:1.3%,n:5991	3	46312	0,01597%				0,00000%												
GAGA-0503	Oxyopomyrmex saulcyi	Oxyopomyrmex cf. saulcyi	GAGA-0503	GAGA-503,504,509 workers+gynes+males+brood in RNAlater. Failed: GAGA-508+503+509 males+workers	GAGA-508+503+509 males+workers		Alberto	Tinaut	RT11	Oxyopomyrmex saulcyi	X	X			X	X				Myrmicinae	Spain		GAGA-0503	GAGA-0503	GAGA-0503	Oxyopomyrmex saulcyi	X	X				X	X	X			Final	276526656	442	10820924	8700162	28882661	C:98.8%[S:97.6%,D:1.2%],F:0.4%,M:0.8%,n:255	C:98.3%[S:98.1%,D:0.2%],F:0.7%,M:1.0%,n:5991	7	40090	0,01450%				#DIV/0!												
GAGA-0505	Goniomma hispanicum	Goniomma hispanicum	GAGA-0505	approx. 110 workers in RNAlater	2 workers in RNAlater		Alberto	Tinaut	RT13	Goniomma hispanicum	X	X			X	X				Myrmicinae	Spain	only 1w left, RNA-seq not qualified	GAGA-0505	GAGA-0505	GAGA-0505	Goniomma hispanicum	X	X				X	X	X			Final	298515880	489	13801230	10013933	29061963	C:98.5%[S:96.1%,D:2.4%],F:0.8%,M:0.7%,n:255	C:98.2%[S:97.9%,D:0.3%],F:0.7%,M:1.1%,n:5991	1	29592	0,00991%				0,00000%												
GAGA-0510	Temnothorax nylanderi	Temnothorax nylanderi	GAGA-0510	outside project	outside project		Susanne	Foitzik	Tnyl/Tnyl 1/Tnyl 8	Temnothorax nylanderi	X				X		X		w,q,b	Myrmicinae	Germany		GAGA-0510	GAGA-0510	GAGA-0510	Temnothorax nylanderi	X		X		w,q,b + NCBI: brain(w)	X	X				Final	294743196	679	2111347	1646599	10284614	C:97.3%[S:95.7%,D:1.6%],F:0.4%,M:2.3%,n:255	C:95.2%[S:94.6%,D:0.6%],F:1.1%,M:3.7%,n:5991	0	0	0,00000%				0,00000%												
GAGA-0511	Myrmoxenus ravouxi	Temnothorax ravouxi	GAGA-0511	outside project	outside project		Jürgen	Heinze		Myrmoxenus ravouxi	X				X		X		w,q,p	Myrmicinae	Germany		GAGA-0511	GAGA-0511	GAGA-0511	Myrmoxenus ravouxi	X		X		w,q,p	X	X				Final	374338171	2875	607480	510825	7411708	C:95.7%[S:91.8%,D:3.9%],F:1.6%,M:2.7%,n:255	C:94.6%[S:92.4%,D:2.2%],F:1.2%,M:4.2%,n:5991	0	0	0,00000%				0,00000%												
GAGA-0512	Temnothorax pilagens	Temnothorax pilagens	GAGA-0512	outside project	outside project		Marah	Stoldt	MI18D [MI18D58]	Temnothorax pilagens	X				X		X		w (NCBI)	Myrmicinae	USA		GAGA-0512	GAGA-0512	GAGA-0512	Temnothorax pilagens	X		X		w (NCBI)	X	X				Final	310899669	1056	1979542	1824908	10959878	C:98.1%[S:96.5%,D:1.6%],F:0.4%,M:1.5%,n:255	C:96.0%[S:95.4%,D:0.6%],F:0.9%,M:3.1%,n:5991	0	0	0,00000%				0,00000%												
GAGA-0513	Temnothorax ambiguus		GAGA-0513	outside project	outside project		Marah	Stoldt	MI18B54	Temnothorax ambiguus	X				X					Myrmicinae	USA		GAGA-0513	GAGA-0513	GAGA-0513	Temnothorax ambiguus	X		X		w (NCBI)	in progress					Assembly in progress										#DIV/0!																
GAGA-0514	Diacamma sp. nov. from Japan		GAGA-0514	outside project	outside project		Yasukazu	Okada	18Sx	Diacamma cf. indicum	X				X					Ponerinae	Japan	Very low depth. Same species as GAGA-0083	GAGA-0514	GAGA-0514																																							
GAGA-0515	Cardiocondyla obscurior	Cardiocondyla obscurior	GAGA-0515	outside project	outside project		Masaki	Suefuji	OypB	Cardiocondyla obscurior	X				X		X		w,q,m,l (NCBI)	Myrmicinae	Japan		GAGA-0515	GAGA-0515	GAGA-0515	Cardiocondyla obscurior	X		X		w(larvae),q,m(larvae: winged,ergatoid),l (NCBI)	X	X				Final	191526436	449	5744632	5566161	10089432	C:98.9%[S:96.9%,D:2.0%],F:0.4%,M:0.7%,n:255	C:98.7%[S:98.4%,D:0.3%],F:0.4%,M:0.9%,n:5991	2	29742	0,01553%		20	2.890.256	1,50906%	Wolbachia	10	6									
GAGA-0517	Myrmecia pilosula	Myrmecia pilosula	GAGA-0517	3 workers frozen	1 worker without abdomen frozen		Romain	Peronnet	21	Myrmecia pilosula	X	X			X	X				Myrmeciinae	Australia		GAGA-0517	GAGA-0517	GAGA-0517	Myrmecia pilosula	X	X				X	X	X			Final	219455692	708	11495580	7809184	23248077	C:98.1%[S:96.9%,D:1.2%],F:0.8%,M:1.1%,n:255	C:98.1%[S:97.8%,D:0.3%],F:0.7%,M:1.2%,n:5991	0	0	0,00000%				0,00000%												
GAGA-0520	Melissotarsus emeryi	Melissotarsus emeryi	GAGA-0520	approx. 40 workers frozen	not done		Christian	Peeters	MK7	Melissotarsus emeryi	X	X(Contamination)			X					Myrmicinae	South Africa	stLFR contaminated. samples missing. Novogene Fail	GAGA-0520	GAGA-0520	GAGA-0520	Melissotarsus emeryi	X	Contaminated				X	Polished with PacBio				Final	386554041	525	6493973	2411848	24342150	C:97.7%[S:97.3%,D:0.4%],F:1.2%,M:1.1%,n:255	C:95.6%[S:95.2%,D:0.4%],F:1.8%,M:2.6%,n:5991	0	0	0,00000%	Scaffolded two versions using ntJoin			0,00000%												
GAGA-0521	Myrmecia croslandi 2n=2	Myrmecia croslandi 2n=2	GAGA-0521	5 workers + 4 larvae frozen	1 worker frozen		Romain	Peronnet	36 (2n=2)	Myrmecia croslandi(2n=2)	X	X		X	X	X			l	Myrmeciinae	Australia	RNA for 521L and 521w unqualified	GAGA-0521	GAGA-0521	GAGA-0521	Myrmecia croslandi 2n=2	X	X		Linkage map	l	X	X	X	Linkage map, waiting for Hi-C		Final, but will be Hi-C scaffolded	192197937	180	26088471	16409718	40772065	C:96.1%[S:95.7%,D:0.4%],F:1.6%,M:2.3%,n:255	C:96.6%[S:96.4%,D:0.2%],F:0.8%,M:2.6%,n:5991	1	6538	0,00340%				#DIV/0!												
GAGA-0522	Myrmecia croslandi 2n=4	Myrmecia croslandi 2n=4	GAGA-0522	4 workers frozen	1 worker frozen		Romain	Peronnet	40 (2n=4)	Myrmecia croslandi(2n=4)	X	X		X	X	X			l	Myrmeciinae	Australia	Biomass low; RNA for 522w unqualified	GAGA-0522	GAGA-0522	GAGA-0522	Myrmecia croslandi 2n=4	X	X			l	X	X	X			Final	196652583	266	21920173	13728451	42575784	C:98.8%[S:98.4%,D:0.4%],F:0.4%,M:0.8%,n:255	C:98.1%[S:97.9%,D:0.2%],F:0.7%,M:1.2%,n:5991	1	10317	0,00525%				0,00000%												
GAGA-0524	Lasius fuliginosus	Lasius fuliginosus	GAGA-0524	approx. 30 gynes in RNAlater	approx. 30 gynes in RNAlater		Heike	Feldhaar	Lful_21_HF	Lasius fuliginosus	X	X			X	X				Formicinae	Germany		GAGA-0524	GAGA-0524	GAGA-0524	Lasius fuliginosus (European)	X	X				X	X	X			Final	238892291	449	1646543	1575223	8380585	C:99.2%[S:98.0%,D:1.2%],F:0.4%,M:0.4%,n:255	C:97.9%[S:97.7%,D:0.2%],F:0.8%,M:1.3%,n:5991	1	5485	0,00230%				#DIV/0!												
GAGA-0527	Tetramorium "Anergates" atratulus	Tetramorium "Anergates" atratulus	GAGA-0527	approx. 40 gynes in RNAlater	approx. 40 gynes in RNAlater or pupae		Susanne	Foitzik		Tetramorium "Anergates" atratulus	X	X		X	X	X			g,m,l,p	Myrmicinae	Germany		GAGA-0527	GAGA-0527	GAGA-0527	Tetramorium "Anergates" atratulus	X	X			g,m,l,p	X	X	X			Final	216832819	278	11757300	8682609	21647927	C:98.8%[S:98.8%,D:0.0%],F:0.4%,M:0.8%,n:255	C:96.7%[S:96.5%,D:0.2%],F:0.7%,M:2.6%,n:5991	1	17365	0,00801%				#DIV/0!												
GAGA-0528	Liometopum microcephalum	Liometopum microcephalum	GAGA-0528	2 males frozen	3 males frozen		András	Tartally	PROF	Liometopum microcephalum	X	X		X	HiFi	X			w,g,m	Dolichoderinae	Hungary		GAGA-0528	GAGA-0528	GAGA-0528	Liometopum microcephalum	Hifi	X			w,g,m	X	X	X			Final	230363900	454	1216438	1158851	6713878	C:96.4%[S:93.3%,D:3.1%],F:0.8%,M:2.8%,n:255	C:96.3%[S:95.9%,D:0.4%],F:1.1%,M:2.6%,n:5991	0	0	0,00000%				#DIV/0!												
GAGA-0530	Pheidole yeensis	Pheidole yeensis	GAGA-0530	workers 	workers 		Hao	Ran	KIZ217	Pheidole yeensis	X	X		X	X	X			w(l,s)	Myrmicinae	China		GAGA-0530	GAGA-0530	GAGA-0530	Pheidole yeensis	X	X			w(l,s)	X	X	X			Final	334349625	291	3441581	2514063	47825571	C:99.2%[S:95.7%,D:3.5%],F:0.4%,M:0.4%,n:255	C:97.7%[S:95.6%,D:2.1%],F:0.9%,M:1.4%,n:5991	3	2005296	0,59976%	Removed artifactual duplications			#DIV/0!												
GAGA-0531	Aphaenogaster famelica		GAGA-0531	workers 	workers 		Hao	Ran	KIZ52	Aphaenogaster sp.	X	X		X	X	X			w	Myrmicinae	China		GAGA-0531	GAGA-0531	GAGA-0531	Aphaenogaster famelica	X	X			w	X	running				Polishing and stLFR scaffolding										#DIV/0!				#DIV/0!												
GAGA-0532	Lasius alienus (or fuliginosus?)		GAGA-0532	workers 	workers 		Hao	Ran	KIZ146	Lasius sp2	X	X		X	X	X			w	Formicinae	China		GAGA-0532	GAGA-0532	GAGA-0532	Lasius fuliginosus	X	X			w	X	X	running			stLFR scaffolding										#DIV/0!				#DIV/0!												
GAGA-0533	Carebara lignata	Carebara sp.	GAGA-0533	workers 	workers 		Hao	Ran	KIZ238	Carebara sp. s1	X	X		X	X	X			w,g,q	Myrmicinae	China		GAGA-0533	GAGA-0533	GAGA-0533	Carebara sp. (prev. lignata)	X	X			w,g,q	X	X	X			Final	195137496	122	7602093	5943681	18520676	C:99.6%[S:98.8%,D:0.8%],F:0.4%,M:0.0%,n:255	C:98.5%[S:98.4%,D:0.1%],F:0.7%,M:0.8%,n:5991	0	0	0,00000%	Removed artifactual duplications			#DIV/0!												
GAGA-0534	Dorylus orientalis	Dorylus orientalis	GAGA-0534	workers 	workers 		Hao	Ran	KIZ239	Dorylus orientalis	X	X		X	X	X			w(l,s)	Dorylinae	China		GAGA-0534	GAGA-0534	GAGA-0534	Dorylus orientalis	X	X			w(l,s)	X	X	X			Final	195514381	160	9807207	8045543	49288033	C:98.4%[S:98.0%,D:0.4%],F:0.8%,M:0.8%,n:255	C:96.3%[S:96.1%,D:0.2%],F:1.2%,M:2.5%,n:5991	0	0	0,00000%				0,00000%												
GAGA-0535	Discothyrea stLFR						Hao	Ran	KIZ227/219	Discothyrea kamiteta		X				X				Proceratiinae	China		GAGA-0535	GAGA-0535	GAGA-0535	Discothyrea kamiteta		X								X	Check										#DIV/0!																
							Hao	Ran	KIZ29	Prionopelta kraepelini		X				X				Amblyoponinae	China		GAGA-0536	GAGA-0536	GAGA-0536	Prionopelta kraepelini		X								running	Assembly in progress										#DIV/0!				#DIV/0!												
GAGA-0537	Proceratium bruelheidei sLFR	Proceratium cf. bruelheidei	GAGA-0537	workers 	workers 		Hao	Ran	KIZ161	Proceratium cf. bruelheidei		X				X				Proceratiinae	China		GAGA-0537	GAGA-0537	GAGA-0537	Proceratium cf. bruelheidei		X								X	Final	316220493	61926	17716	7433	437076	C:86.7%[S:85.1%,D:1.6%],F:5.9%,M:7.4%,n:255	C:83.0%[S:82.7%,D:0.3%],F:8.5%,M:8.5%,n:5991			0,00000%	stLFR assembly			#DIV/0!												
GAGA-0538	Sericomyrmex mayri	Sericomyrmex mayri	GAGA-0538	approx. 20 males frozen	approx. 15 workers frozen		Ana	Ješovnik	AJ141004-01	Sericomyrmex mayri	X	X		X	X	X			w,m	Myrmicinae	Brazil		GAGA-0538	GAGA-0538	GAGA-0538	Sericomyrmex mayri	X	X			w,m	X	X	X			Final	397465273	1653	5324886	4568740	23184892	C:98.1%[S:96.9%,D:1.2%],F:0.8%,M:1.1%,n:255	C:97.9%[S:97.7%,D:0.2%],F:0.6%,M:1.5%,n:5991	1	14487	0,00364%				#DIV/0!												
GAGA-0539	Mycetophylax morschi	Mycetophylax morschi	GAGA-0539	approx. 40 workers frozen	approx. 40 workers frozen		Ted	Schultz	TRS141026-03	Mycetophylax morschi	X	X		X	X	X			w,g	Myrmicinae	Brazil		GAGA-0539	GAGA-0539	GAGA-0539	Mycetophylax morschi	X	X			w,g	X	X	X			Final	311766643	596	7835410	6925821	25836233	C:98.4%[S:97.6%,D:0.8%],F:1.6%,M:0.0%,n:255	C:98.1%[S:97.9%,D:0.2%],F:0.6%,M:1.3%,n:5991	0	0	0,00000%				#DIV/0!												
GAGA-0540	Myrmicocrypta uncinata	Myrmicocrypta squomosa uncinata	GAGA-0540	approx. 30 workers frozen	approx. 20 workers in RNAlater		Jeffrey	Sosa-Calvo	JSC151103-07	Myrmicocrypta squamosa uncinata	X	X		X	X	X			w	Myrmicinae	Paraguay		GAGA-0540	GAGA-0540	GAGA-0540	Myrmicocrypta uncinata	X	X			w	X	X	X			Final	448177263	1871	1873370	1409406	19266709	C:95.6%[S:92.9%,D:2.7%],F:1.2%,M:3.2%,n:255	C:95.8%[S:95.2%,D:0.6%],F:1.0%,M:3.2%,n:5991	0	0	0,00000%				#DIV/0!												
GAGA-0541	Mycetosoritis hartmanni	Mycetosoritis hartmanni	GAGA-0541	approx. 40 workers in RNAlater	approx. 40 workers in RNAlater		Jeffrey	Sosa-Calvo	JSC170425-03	Mycetosoritis hartmanni	X	X		X	X	X			w,l	Myrmicinae	USA		GAGA-0541	GAGA-0541	GAGA-0541	Mycetosoritis hartmanni	X	X			w,l	X	X	X			Final	361850694	678	4381122	2964664	23141284	C:96.1%[S:94.5%,D:1.6%],F:1.2%,M:2.7%,n:255	C:94.8%[S:94.5%,D:0.3%],F:1.5%,M:3.7%,n:5991	3	43310	0,01197%				#DIV/0!												
GAGA-0543	Kalathomyrmex emeryi	Kalathomyrmex emeryi	GAGA-0543	approx. 30 workers frozen	approx. 30 workers frozen		Ted	Schultz	TRS191010-02	Kalathomyrmex emeryi	X	X		X	X	X			w	Myrmicinae	Brazil		GAGA-0543	GAGA-0543	GAGA-0543	Kalathomyrmex emeryi	X	X			w	X	X	X			Final	300493441	501	6547069	5869114	17911148	C:98.0%[S:97.6%,D:0.4%],F:0.8%,M:1.2%,n:255	C:97.4%[S:97.1%,D:0.3%],F:1.0%,M:1.6%,n:5991	1	9805	0,00326%				#DIV/0!												
GAGA-0550	Xerolitor explicatus	Xerolitor explicatus	GAGA-0550	approx. 50 workers frozen	approx. 30 workers frozen		Ted	Schultz	TRS151031-02	Xerolitor explicatus	X	X			X	X				Myrmicinae	Paraguay		GAGA-0550	GAGA-0550	GAGA-0550	Xerolitor explicatus	X	X				X	X	X			Final	474492341	1978	875247	698729	5838263	C:96.5%[S:96.5%,D:0.0%],F:1.6%,M:1.9%,n:255	C:94.6%[S:94.3%,D:0.3%],F:1.7%,M:3.7%,n:5991	0	0	0,00000%				#DIV/0!												
GAGA-0552	Paraponera clavata	Paraponera clavata	GAGA-0552	3 larvae in RNAlater	4 larvae in RNAlater		Jerome	Orivel	JO052	Paraponera clavata	X	X		X	X	X			w(h,t,a)	Paraponerinae	French Guiana		GAGA-0552	GAGA-0552	GAGA-0552	Paraponera clavata	X	X			w	X	X	X			Final	232390228	595	6176907	5215727	16308081	C:95.6%[S:92.5%,D:3.1%],F:1.6%,M:2.8%,n:255	C:96.2%[S:95.9%,D:0.3%],F:0.9%,M:2.9%,n:5991	1	22568	0,00971%				#DIV/0!												
GAGA-0553	Dilobocondyla fouqueti stLFR	Tetramorium sp.	GAGA-0553	workers 	workers 		Hao	Ran	KIZ234	Tetramorium sp. s2		X				X				Myrmicinae	China		GAGA-0553	GAGA-0553	GAGA-0553	Tetramorium sp. (formerly Dilobocondyla fouqueti)		X								X	Final	239539639	27180	26186	17009	340777	C:95.3%[S:94.9%,D:0.4%],F:2.7%,M:2.0%,n:255	C:87.1%[S:86.8%,D:0.3%],F:7.6%,M:5.3%,n:5991			0,00000%	stLFR assembly			#DIV/0!												
GAGA-0554	Strumigenys mutica stLFR	Strumigenys mutica	GAGA-0554	workers 	workers 		Hao	Ran	KIZ125	Strumigenys mutica		X				X				Myrmicinae	China		GAGA-0554	GAGA-0554	GAGA-0554	Strumigenys mutica		X								X	Final	243299999	24109	51957	22951	391629	C:96.5%[S:94.1%,D:2.4%],F:2.0%,M:1.5%,n:255	C:92.6%[S:92.4%,D:0.2%],F:4.0%,M:3.4%,n:5991			0,00000%	stLFR assembly			0,00000%												
GAGA-0577	Parasyscia sp. stLFR						Hao	Ran	KIZ351	Parasyscia sp.		X				X				Dorylinae	China		GAGA-0577	GAGA-0577	GAGA-0577	Parasyscia sp.		X								X	Check										#DIV/0!																
GAGA-0578	Carebara capreola	Carebara cf. capreola	GAGA-0578	workers 	workers 		Hao	Ran	KIZsp02	Carebara capreola	X				HiFi					Myrmicinae	China		GAGA-0578	GAGA-0578	GAGA-0578	Carebara capreola	HiFi					X	Polished with PacBio				Final	276523491	1237	4816658	4816658	10310092	C:96.5%[S:91.8%,D:4.7%],F:0.8%,M:2.7%,n:255	C:96.4%[S:95.9%,D:0.5%],F:0.8%,M:2.8%,n:5991	0	0	0,00000%																
GAGA-0579	Carebara melasolena	Carebara cf. melasolena					Hao	Ran	KIZsp04	Carebara melesolena	X				HiFi					Myrmicinae	China		GAGA-0579	GAGA-0579	GAGA-0579	Carebara melasolena	HiFi					X	Polished with PacBio				Final	215367992	273	4298771	4298771	10630422	C:98.9%[S:96.5%,D:2.4%],F:0.8%,M:0.3%,n:255	C:97.6%[S:97.4%,D:0.2%],F:0.9%,M:1.5%,n:5991	0	0	0,00000%																
							Hao	Ran	kiz349	Probolomyrmex longiscapus		X				X				Proceratiinae	China		GAGA-0580	GAGA-0580	GAGA-0580	Probolomyrmex longiscapus		X								running	Assembly in progress										#DIV/0!																
GAGA-0307	Hypoponera opacior	Hypoponera opacior	GAGA-0307	13-08-2020_4	309w", "309b" and "311m		Susanne	Foitzik	Az18 PH1	Hypoponera opacior										Ponerinae	USA		GAGA-0307	GAGA-0307	GAGA-0307	Hypoponera opacior (GAGA-0307-0323)	X	X			w,m,l,p,b	X	X	X			Final	253695444	618	6951594	6069729	17125298	C:98.5%[S:96.1%,D:2.4%],F:0.8%,M:0.7%,n:255	C:97.0%[S:96.7%,D:0.3%],F:0.9%,M:2.1%,n:5991	0	0	0,00000%	Curated using purge haplotigs			#DIV/0!												
																								NCBI-0001	NCBI-0001	Ooceraea biroi					w: brain (reproductive and brood-care), head, leg, rest; antenna (male and worker)						NCBI assembly	223876465	139	16888278	3735272	24609146	C:97.7%[S:96.1%,D:1.6%],F:2.4%,M:0.1%,n:255	C:97.4%[S:96.9%,D:0.5%],F:1.0%,M:1.6%,n:5991	0	0	0,00000%	Chromosome level assembly	2	42015	0.018767%	Acidothermus	0	0									
																								NCBI-0002	NCBI-0002	Solenopsis invicta					w,g,q,m,p,l,antenna,venomgland, brain transcriptomes…						NCBI assembly	413978255	1691	13111170	1041028	30501469	C:98.8%[S:95.7%,D:3.1%],F:0.8%,M:0.4%,n:255	C:98.0%[S:96.1%,D:1.9%],F:0.8%,M:1.2%,n:5991	1	22082	0,00533%	Chromosome level assembly	0	0	0,00000%	NA	0	0									
																								NCBI-0003	NCBI-0003	Atta cephalotes					m(454seq)						NCBI assembly	317671980	2835	5154485	14798	15679321	C:97.3%[S:97.3%,D:0.0%],F:1.2%,M:1.5%,n:255	C:93.4%[S:93.4%,D:0.0%],F:3.1%,M:3.5%,n:5991	0	0	0,00000%		0	0	0,00000%	NA	0	0									
																								NCBI-0004	NCBI-0004	Atta colombica					mix						NCBI assembly	291257934	1550	2037154	15290	8263949	C:98.8%[S:98.8%,D:0.0%],F:1.2%,M:0.0%,n:255	C:98.1%[S:97.9%,D:0.2%],F:0.9%,M:1.0%,n:5991	99	162908	0,05593%		5	9977	0.0034296%	Camplyobacter	0	0									
																								NCBI-0005	NCBI-0005	Camponotus floridanus					w(minor,major),g,q,m,l,e,mix; brain(worker major minor),; antenna, developmental rna						NCBI assembly	284009182	657	1585631	1278439	10163455	C:98.4%[S:97.6%,D:0.8%],F:0.8%,M:0.8%,n:255	C:98.5%[S:98.0%,D:0.5%],F:0.6%,M:0.9%,n:5991	0	0	0,00000%		0	0	0,00000%	NA	0	0									
																								NCBI-0006	NCBI-0006	Cyphomyrmex costatus					mix						NCBI assembly	300316566	15379	1159032	74312	6852325	C:99.6%[S:98.0%,D:1.6%],F:0.4%,M:0.0%,n:255	C:97.8%[S:97.3%,D:0.5%],F:0.9%,M:1.3%,n:5991	177	256202	0,08531%		369	477429	0,00000%	Aeromicrobium	1	0									
																								NCBI-0007	NCBI-0007	Dinoponera quadriceps					brains: gamergates and non-reproductive workers; venom gland (NCBI)						NCBI assembly	259665865	14123	1361239	29911	5804718	C:97.3%[S:96.5%,D:0.8%],F:2.0%,M:0.7%,n:255	C:96.3%[S:96.0%,D:0.3%],F:1.3%,M:2.4%,n:5991	34	33203	0,01279%		4	3268	0.00126425%	Chamaesiphon	0	0									
																								NCBI-0008	NCBI-0008	Formica exsecta					w,q; brain(w,q)						NCBI assembly	277633851	14521	997654	24299	7270168	C:98.4%[S:92.9%,D:5.5%],F:0.8%,M:0.8%,n:255	C:96.2%[S:94.2%,D:2.0%],F:1.9%,M:1.9%,n:5991	509	402588	0,14501%		 201	239717	0,00000%	Wolbachia	2	1									
																								NCBI-0009	NCBI-0009	Harpegnathos saltator					w,g,q,gamergate, brain(w,gamergate), antenna..						NCBI assembly	334536844	857	1078644	911506	3353128	C:98.1%[S:96.9%,D:1.2%],F:1.2%,M:0.7%,n:255	C:97.3%[S:96.7%,D:0.6%],F:0.9%,M:1.8%,n:5991	1	9517	0,00284%		0	0	0,00000%	NA	0	0									
																								NCBI-0010	NCBI-0010	Linepithema humile					w,q, brain (w,q)						NCBI assembly	219500750	3030	1402257	35858	7770198	C:98.9%[S:97.3%,D:1.6%],F:0.8%,M:0.3%,n:255	C:97.2%[S:97.0%,D:0.2%],F:1.2%,M:1.6%,n:5991	2	6966	0,00317%		2	2511	0.00144096%	Cardinium	0	0									
																								NCBI-0011	NCBI-0011	Odontomachus brunneus					w,q,m,l,p,e, reproductive worker?						NCBI assembly	393036571	960	1760082	22002	8486896	C:98.9%[S:97.3%,D:1.6%],F:0.4%,M:0.7%,n:255	C:96.5%[S:95.9%,D:0.6%],F:1.2%,M:2.3%,n:5991	7	18486	0,00470%		0	0	0,00000%	NA	0	0									
																								NCBI-0012	NCBI-0012	Pogonomyrmex barbatus					w,g,l,p, brain(foraging workers)						NCBI assembly	235645958	4645	819605	11605	3918663	C:95.7%[S:95.3%,D:0.4%],F:3.1%,M:1.2%,n:255	C:93.4%[S:93.3%,D:0.1%],F:4.2%,M:2.4%,n:5991	1	1044	0,00044%		13	16797	0.0071283%	Deferrobacter	0	0									
																								NCBI-0013	NCBI-0013	Vollenhovia emeryi					w,q,m						NCBI assembly	287900827	13258	1346088	32417	4813516	C:98.5%[S:97.3%,D:1.2%],F:0.4%,M:1.1%,n:255	C:97.5%[S:97.1%,D:0.4%],F:1.2%,M:1.3%,n:5991	0	0	0,00000%		40	1217755	0,00000%	Wolbachia	11	4									
																								NCBI-0014	NCBI-0014	Wasmannia auropunctata					w,q,m,b						NCBI assembly	324120201	77788	1175369	37912	10381176	C:98.1%[S:96.5%,D:1.6%],F:1.2%,M:0.7%,n:255	C:96.6%[S:96.3%,D:0.3%],F:1.6%,M:1.8%,n:5991	21	27343	0,00844%				0,00000%												
																								NCBI-0015	NCBI-0015	Trachymyrmex zeteki					mix						NCBI assembly	267973152	4623	1333945	52131	6036021	C:98.0%[S:97.6%,D:0.4%],F:0.8%,M:1.2%,n:255	C:97.5%[S:97.4%,D:0.1%],F:1.1%,M:1.4%,n:5991	41	45757	0,01708%		1	792	0.0002967%	Spiroplasma	0	0									
																								NCBI-0016	NCBI-0016	Trachymyrmex septentrionalis					mix						NCBI assembly	291747019	5836	2520094	14962	10371161	C:98.8%[S:98.4%,D:0.4%],F:1.2%,M:0.0%,n:255	C:98.0%[S:97.8%,D:0.2%],F:0.8%,M:1.2%,n:5991	239	241139	0,08265%		14	21563	0.0074233%	Spiroplasma	0	0									
																								NCBI-0017	NCBI-0017	Trachymyrmex cornetzi					mix						NCBI assembly	369438293	19761	760749	29356	7295537	C:98.4%[S:98.4%,D:0.0%],F:1.2%,M:0.4%,n:255	C:97.2%[S:97.0%,D:0.2%],F:1.4%,M:1.4%,n:5991	289	386417	104.6		30	280353	0,00000%	Spiroplasma	2	0									
																								OUT-0001	OUT-0001	Formica selysi					w						NCBI assembly	290468881	498	7915200	5698920	15350018	C:98.0%[S:95.3%,D:2.7%],F:1.6%,M:0.4%,n:255	C:96.9%[S:96.1%,D:0.8%],F:1.5%,M:1.6%,n:5991	0	0	0	Chromosome level assembly			0,00000%												
OUT-0002	Formica cinerea	Formica cinerea																						OUT-0002	OUT-0002	Formica cinerea	X		X		q,w	X	X				Final	329109272	1350	5059565	4558946	12896463	C:98.9%[S:96.9%,D:2.0%],F:1.2%,M:0.1%,n:255	C:98.2%[S:97.4%,D:0.8%],F:0.7%,M:1.1%,n:5991	0	0	0																